本名,外文名,别名,字号,所处时代,国籍,毕业院校,民族,出生时间,逝世时间,职业,官职,出生地,代表作品,人物关系,简介
鲁迅,,长庚，风声，尊古，周樟寿，周树人,豫山，豫才,,中国,南京矿路学堂，仙台医学专门学校,汉族,1881年9月25日,1936年10月19日,公务员，教师，作家,,浙江省绍兴府会稽县,《呐喊》，《彷徨》，《朝花夕拾》，《野草》，《华盖集》，《中国小说史略》,"妻子：朱安，许广平
儿子：周海婴
父亲：周伯宜
母亲：鲁瑞
弟弟：周作人
爷爷：周介孚
孙子：周令飞
儿媳：马新云",鲁迅，原名周樟寿，后改名周树人，字豫山，后改豫才，“鲁迅”是他1918年发表《狂人日记》时所用的笔名，也是他影响最为广泛的笔名，浙江绍兴人。著名文学家、思想家，五四新文化运动的重要参与者，中国现代文学的奠基人。毛泽东曾评价：“鲁迅的方向，就是中华民族新文化的方向。”鲁迅一生在文学创作、文学批评、思想研究、文学史研究、翻译、美术理论引进、基础科学介绍和古籍校勘与研究等多个领域具有重大贡献。他对于五四运动以后的中国社会思想文化发展具有重大影响，蜚声世界文坛，尤其在韩国、日本思想文化领域有极其重要的地位和影响，被誉为“二十世纪东亚文化地图上占最大领土的作家”。
茅盾,Mao，Tun,郎损，蒲牢，沈余，微明，沈德鸿,雁冰,,中国,北京大学预科,汉族,1896年7月4日,1981年3月27日,作家，文学评论家，社会活动家,,浙江省嘉兴市桐乡,《子夜》，《霜叶红似二月花》，《春蚕》，《白杨礼赞》,"女儿：沈霞
弟弟：沈泽民",茅盾，原名沈德鸿，笔名茅盾、郎损、玄珠、方璧、止敬、蒲牢、微明、沈仲方、沈明甫等，字雁冰，浙江省嘉兴市桐乡市人。中国现代著名作家、文学评论家、文化活动家以及社会活动家。茅盾出生在一个思想观念颇为新颖的家庭里，从小接受新式的教育。后考入北京大学预科，毕业后入商务印书馆工作，从此走上了改革中国文艺的道路，他是新文化运动的先驱者、中国革命文艺的奠基人之一。他的代表作有小说《子夜》、《春蚕》和文学评论《夜读偶记》。1981年3月14日，茅盾自知病将不起，将稿费25万元人民币捐出设立茅盾文学奖，以鼓励当代优秀长篇小说的创作。
老舍,Colin，C.Shu，Lau，Shaw,舒庆春,舍予,,中国,北京师范学校,满族,1899年2月3日,1966年8月24日,小说家，文学家，戏剧家,,北京,《骆驼祥子》，《四世同堂》，《茶馆》,"妻子：胡絜青
女儿：舒立
儿子：舒乙",老舍，原名舒庆春，另有笔名絜青、鸿来、非我等，字舍予。因为老舍生于阴历立春，父母为他取名“庆春”，大概含有庆贺春来、前景美好之意。上学后，自己更名为舒舍予，含有“舍弃自我”，亦即“忘我”的意思。北京满族正红旗人。中国现代小说家、作家，语言大师、人民艺术家，新中国第一位获得“人民艺术家”称号的作家。代表作有《骆驼祥子》，《四世同堂》，剧本《茶馆》。老舍的一生，总是忘我地工作，他是文艺界当之无愧的“劳动模范”。1966年，由于受到文化大革命运动中恶毒的攻击和迫害，老舍被逼无奈之下含冤自沉于北京太平湖。  2017年9月，中国现代文学长篇小说经典《四世同堂》由东方出版中心出版上市。这是该作自发表以来第一次以完整版形式出版。
巴金,,李尧棠,芾甘,,中国,南京东南大学附中,汉族,1904年11月25日,2005年10月17日,作家，翻译家，社会活动家,,四川成都,《家》，《寒夜》，《随想录》,"妻子：萧珊
女儿：李小林
儿子：李小棠
好友：夏衍",巴金，男，汉族，四川成都人，祖籍浙江嘉兴。巴金原名李尧棠，另有笔名佩竿、极乐、黑浪、春风等，字芾甘，中国作家、翻译家、社会活动家、无党派爱国民主人士。巴金1904年11月生在四川成都一个封建官僚家庭里，五四运动后，巴金深受新潮思想的影响，并在这种思想的影响下开始了他个人的反封建斗争。1923年巴金离家赴上海、南京等地求学，从此开始了他长达半个世纪的文学创作生涯。巴金在文革后撰写的《随想录》，内容朴实、感情真挚，充满着作者的忏悔和自省，巴金因此被誉为“二十世纪中国文学的良心”。
钱钟书,,钱仰先，默存，中书君,字默存，号槐聚,,中国,清华大学，牛津大学艾克赛特学院,汉族,1910年10月20日,1998年12月19日,作家，文学研究家，翻译家,,江苏无锡县,《围城》，《管锥编》，《谈艺录》，《写在人生边上》，《人·兽·鬼》,"妻子：杨绛
女儿：钱瑗
叔叔：钱孙卿
同学：杨遵仪，辛笛",钱钟书，江苏无锡人，原名仰先，字哲良，后改名钟书，字默存，号槐聚，曾用笔名中书君，中国现代作家、文学研究家，与饶宗颐并称为“南饶北钱”。1929年，考入清华大学外文系。1932年，在清华大学古月堂前结识杨绛。1937年，以《十七十八世纪英国文学中的中国》一文获牛津大学艾克赛特学院学士学位。1941年，完成《谈艺录》《写在人生边上》的写作。1947年，长篇小说《围城》由上海晨光出版公司出版。1958年创作的《宋诗选注》，列入中国古典文学读本丛书。1972年3月，六十二岁的钱钟书开始写作《管锥篇》。1976年，由钱钟书参与翻译的《毛泽东诗词》英译本出版。1982年，创作的《管锥编增订》出版。1998年12月19日上午7时38分，钱钟书先生因病在北京逝世，享年88岁。
郁达夫,,郁文，荫生,,,中国,东京帝国大学,汉族,1896年12月7日,1945年8月29日,作家,,浙江富阳,《沉沦》，《故都的秋》，《春风沉醉的晚上》，《过去》，《迟桂花》,"妻子：孙荃
女儿：郁黎民
前女友：王映霞",郁达夫，男，原名郁文，字达夫，幼名阿凤，浙江富阳人，中国现代作家、革命烈士。郁达夫是新文学团体“创造社”的发起人之一，一位为抗日救国而殉难的爱国主义作家。在文学创作的同时，还积极参加各种反帝抗日组织，先后在上海、武汉、福州等地从事抗日救国宣传活动，其文学代表作有《沉沦》、《故都的秋》、《春风沉醉的晚上》、《过去》、《迟桂花》、《怀鲁迅》等。民国三十四年八月二十九日，郁达夫被日军杀害于苏门答腊丛林。1952年，中华人民共和国中央人民政府追认郁达夫为革命烈士。1983年6月20日，民政部授予其革命烈士证书。
穆时英,,伐扬，匿名子,,,中国,光华大学西洋文学系,汉族,1912年3月14日,1940年6月28日,中国现代小说家，新感觉派代表,,浙江省慈溪县庄桥镇,《南北极》，《公墓》，《白金的女体塑像》，《圣处女的感情》,,穆时英，浙江慈溪人，中国现代小说家，新感觉派代表人物，笔名伐扬、匿名子等。1929年开始小说创作，翌年发表小说《咱们的世界》、《黑旋风》；1932年出版小说集《南北极》，反映上流社会和下层社会的两极对立；1933年出版小说集《公墓》，转而描写光怪陆离的都市生活，后又出版《白金的女体塑像》、《圣处女的感情》等；1933年前后参加国民党图书杂志审查委员会；抗日战争爆发后赴香港，1939年回沪，主办《中华日报》副刊《文艺周刊》和《华风》，并主编《国民新闻》，后被国民党特工人员暗杀。
张爱玲,Eileen，Chang,张煐，梁京,,,中国,香港大学，圣约翰大学,汉族,1920年9月30日,1995年9月1日左右,作家,,上海市静安区,《倾城之恋》，《金锁记》，《半生缘》，《红玫瑰与白玫瑰》，《烬余录》,"丈夫：赖雅
前夫：胡兰成
父亲：张志沂
母亲：黄逸梵
弟弟：张子静
爷爷：张佩纶
堂哥：张子美
姑妈：张茂渊
侄子：张恭庆",张爱玲，中国现代女作家，原名张煐，笔名梁京，祖籍河北丰润，生于上海。7岁开始写小说，12岁开始在校刊和杂志上发表作品。1943至1944年，创作和发表了《沉香屑·第一炉香》《沉香屑·第二炉香》《茉莉香片》《倾城之恋》《红玫瑰与白玫瑰》等小说。1955年，张爱玲赴美国定居，创作英文小说多部，但仅出版一部。1969年以后主要从事古典小说的研究，著有红学论集《红楼梦魇》。1995年9月在美国洛杉矶去世，终年75岁。有《张爱玲全集》行世。
张恨水,,芳贵，张心远，芳松,,,中国,,汉,1895年5月18日,1967年2月15日,作家,,江西广信,《春明外史》，《金粉世家》，《啼笑因缘》，《八十一梦》，《水浒新传》,妻子：周南,张恨水，原名张心远，安徽安庆潜山县人。他是中国章回小说家，鸳鸯蝴蝶派代表作家，被尊称为现代文学史上的“章回小说大家”。1911年，张恨水开始发表作品；1924年，张恨水凭借九十万言的章回小说《春明外史》一举成名；此后，长篇小说《金粉世家》、《啼笑因缘》的问世让张恨水的声望达到顶峰。张恨水作品上承章回小说，下启通俗小说，雅俗共赏，对旧章回小说进行了革新，促进了新文学与通俗文学的交融。1967年，张恨水在北京逝世，走完了自己的人生。
周木斋,Muzhai，Zhou,周朴,,,,,,1910,1941,作家,,,,,周木斋，上海大东书局任编辑。1934年任上海《大晚报》编辑，又兼任文艺副刊《火炬》编辑。1935年加人中国文艺家协会。抗日战争爆发后加入上海文化界救亡协会。1938年任上海《大美晨报》编辑兼副刊主编。
章衣萍,,鸿熙,,,,北京大学,,1902年,1947年,现代作家和翻译家,,安徽绩溪人,《古庙集》，《一束情书》，《樱花集》,,章衣萍，乳名灶辉，又名洪熙，安徽绩溪人。幼年人蒙堂馆，1908年赴潜阜读书后入安徽省立第二师范学校，1921年入北京大学预科。北大毕业后，在陶行知创办的教育改进社主编教育杂志，上海大东书局任总编辑，与鲁迅筹办《语丝》月刊，系重要撰稿人。1928年任暨南大学校长秘书兼文学系教授，抗战后任成都大学教授，南社和左翼作家联盟成员。著作甚丰，有短篇小说集、散文集、诗集、学术著作、少儿读物、译作和古籍整理等20多部，为现代作家和翻译家。另有同名漫画编辑。
艾芜,Ai，Wu,汤道耕,,,中国,,汉族,1904年,1992年,作家,,四川省新繁县,《丰饶的原野》，《山野》，《南行记》,,艾芜，原名汤道耕，四川省新繁县清流乡人。主要作品有短篇小说集《南行记》、长篇小说《山野》、《百炼成钢》等。
夏衍,Xia，Yan,沈乃熙,,,中国,明治专科学校,汉族,1900年10月30日,1995年2月6日,作家，文艺评论家，翻译家,,浙江省余杭县,《狂流》，《春蚕》，《秋瑾传》，《上海屋檐下》，《包身工》，《祝福》，《风云儿女》，《考验》,好友：巴金，郁风,夏衍，原名沈乃熙，字端先，浙江杭州人，祖籍河南开封，生于浙江省余杭县彭埠镇严家弄，毕业于浙江省立甲重工业学校。中国著名文学、 电影、 戏剧作家和社会活动家， 中国左翼电影运动的开拓者、 组织者和领导者之一。早年参加五四运动，编辑进步刊物《浙江新潮》。从浙江省立甲重工业学校毕业后公费留学日本。入明治专门学校学电工技术。留学期间接触日本共产党，参加日本工人运动和左翼文化运动。1927年夏衍被日本驱逐回国，同年加入中国共产党。1929年夏衍同鲁迅筹建中国左翼作家联盟。“左联”成立后任执行委员，后发起组织中国左翼戏剧家联盟。建国后历任上海市委常委、宣传部长、文化部副部长、中国文联副主席、中日友协会长、中顾委委员、全国人大代表、全国政协常委。1994年，夏衍向中国现代文学馆捐赠第一批藏书2800册。10月被国务院授予“国家有杰出贡献的电影艺术家”称号。著作有：《心防》《法西斯细菌》。话剧剧本有：《秋瑾传》《上海屋檐下》。出版的选集有：《夏衍剧作选》《夏衍选集》。报告文学：《包身工》。创作改编的电影剧本有：《狂流》《春蚕》《祝福》《林家铺子》等。
丰子恺,Zikai·Feng,丰润，丰仁，丰仍，丰子觊,,,中国,浙江省立第一师范学校,汉族,1898年11月9日,1975年9月15日,画家，散文家，美术教育家，音乐教育家，漫画家，翻译家，书法家,,浙江省嘉兴市桐乡市石门镇,《缘缘堂随笔》，《缘缘堂再笔》，《随笔二十篇》，《画中有诗》，《白鹅》，《活着本来单纯》，《无用之美》,"好友：朱光潜
老师：李叔同",丰子恺，光绪二十四年生，浙江省嘉兴市桐乡市石门镇人。原名丰润，又名仁、仍，字子觊，后改为子恺，笔名TK，以中西融合画法创作漫画以及散文而著名。丰子恺是中国现代画家、散文家、美术教育家、音乐教育家、漫画家、书法家和翻译家。
叶灵凤,,叶蕴璞,,,中国,上海美专,,1905年,1975年,编辑,,江苏南京人,,,叶灵凤，原名叶蕴璞，笔名叶林丰、L·F、临风、亚灵、霜崖等。江苏南京人。毕业于上海美专。1925年加入创造社，主编过《洪水》半月刊。1926年与潘汉年合办过《幻洲》。1928年《幻洲》被禁后改出《戈壁》，年底又被禁又改出《现代小说》，1929年创造社被封，一度被捕。1937年抗日战争爆发，参加《救亡日报》工作，后随《救亡日报》到广州。1938年广州失守后到香港。从此在香港定居，直到1975年病逝。
许地山,Xu，Dishan,名赞堃,字地山,,中国,燕京大学,汉,1894年2月3日,1941年8月4日,作家，文学家，教授，学者,,台湾台南,《空山灵雨》，《缀网劳蛛》，《危巢坠简》，《道学史》，《印度文学》，《落花生》,父亲：许南英,许地山，名赞堃，字地山，笔名落华生，籍贯广东揭阳。生于台湾一个爱国志士家庭。许地山是中国现代著名小说家、散文家、“五四”时期新文学运动先驱者之一。在梵文、宗教方面亦有研究硕果。1917年考入北京大学文学院，1926年毕业并留校任教。期间与瞿秋白、郑振铎等人联合主办《新社会》旬刊，积极宣传革命。“五·四”前后从事文学活动，后转入英国牛津大学曼斯菲尔学院研究宗教学、印度哲学、梵文等。1935年应聘为香港大学文学院主任教授，遂举家迁往香港。在港期间曾兼任香港中英文化协会主席。一生著作颇多，有《花》《落花生》等。许地山一生创作的文学作品多以闽、台、粤和东南亚、印度为背景，主要著作有《危巢坠简》《空山灵雨》《道教史》《达衷集》《印度文学》；译著有《二十夜问》《太阳底下降》《孟加拉民间故事》等，与印度文学有关的文章，书籍。许地山是上世纪20年代问题小说的代表人物之一，其创作一开始就汇入了问题小说的热潮之中，出手不凡，显出了与其他问题小说名家如叶绍钧、冰心、王统照、庐隐等人不同的奇彩异趣。
南怀瑾,Nan，Huaijin,南常泰，银奶，常铿,,,中国,国立艺术院，中央军校，青岛大学,汉族,1918年3月18日,2012年9月29日,著名古文字学家，国学大师，作家,,温州乐清翁垟地团村南宅组,《论语别裁》，《老子他说》，《列子臆说》，《禅海蠡测》,"学生：张尚德
老师：袁焕仙",南怀瑾，出生于中国浙江温州，中国当代诗文学家、佛学家、教育家、中国古代文化传播者、学者、诗人、武术家、中国文化国学大师。历任台湾政治大学、台湾辅仁大学及中国文化大学教授。1949年中华人民共和国成立后，南怀瑾随国民党迁至台湾，并受邀到台湾地区的多所大学、机关、社会团体讲学，后曾旅居美国、香港等地，晚年定居苏州太湖大学堂。2012年9月19日，媒体传出南怀瑾病危的消息。29日下午4时，南怀瑾在苏州太湖大学堂逝世，享年95岁。南怀瑾生前著作多以演讲整理为主，精通儒、释、道等多种典籍，全身心致力于中国传统文化的建设与传播，其出版代表作诸多，比如有《论语别裁》《孟子旁通》《原本大学微言》《易经杂说》等共计三十多册，且被人们翻译成八种语言流通世界各地。
徐訏,,徐传琮,,,,北京大学,,1908.11.11,1980.10．5,作家，教授,,浙江省慈溪县东部洪塘,《风萧萧》,,徐訏，浙江慈溪人。一位曾被称为“鬼才”的教授作家， 以写作传奇小说且高产而著称。
郑振铎,Zheng，Zhenduo,西谛，郭源新，落雪,,,中国,北京铁路管理学校,汉族,1898年12月19日,1958年10月17日,作家，诗人，学者，文学评论家，翻译家,,浙江省永嘉县,《猫》，《我们是少年》,好友：梁实秋,郑振铎，字西谛，笔名有郭源新、落雪、ct等，出生于浙江温州，原籍福建长乐。中国现代杰出的爱国主义者和社会活动家、作家、诗人、学者、文学评论家、文学史家、翻译家、艺术史家，也是著名的收藏家，训诂家。1919年参加五四运动并开始发表作品。1932年，他的《插图本中国文学史》出版。1949年任全国文联福利部部长，全国文协研究部长，人民政协文教组长，中央文化部文物局长，民间文学研究室副主任，中国科学院考古研究所所长，文化部副部长。全国政协委员，全国文联全委、主席团委员，全国文协常委，中国作家协会理事。1952年加入中国作家协会。1957年，他编集出版了《中国文学研究》三册。1958年10月17日，因飞机突然失事遇难殉职，享年60岁。
钟敬文,Zhong，Jingwen,钟谭宗,,,中国,广州岭南大学,汉族,1903.3.20,2002.1.10,民俗学家，现代散文作家,,广东省海丰县,《荔枝小品》，《西湖漫话》，《海滨的二月》，《湖上散记》,,钟敬文，原名钟谭宗。出生于广东省海丰县公平鱼街，汉族。他毕生致力于教育事业和民间文学、民俗学的研究和创作工作，贡献卓著。是我国民俗学家、民间文学大师、现代散文作家。
胡兰成,,蕊生,,,中国,燕京大学,汉族,1906.2.28,1981.7.25,作家,,浙江嵊县北乡胡村,《今生今世》，《山河岁月》，《禅是一枝花》，《中国文学史话》，《今日何日兮》,"前妻：张爱玲
学生：朱天心，朱天文",胡兰成，中国现代作家，原名胡积蕊，小名蕊生，浙江嵊县人，张爱玲的第一任丈夫。胡兰成年轻时曾在燕京大学旁听课程，擅长写作，后追随汪精卫，抗日战争时期出任汪伪政权宣传部副部长，因其为汪精卫执笔而被列为著名汉奸。1940年发表卖国社论《战难，和亦不易》，在中国抗战最艰难的时期鼓吹“和虽不易但也要和”，为汪精卫的卖国行径洗白。1945年日军战败投降，胡兰成借道香港逃亡日本，晚年旅居台湾开课教书，其文学才能曾影响部分台湾文人，1976年因其汉奸背景被迫离开台湾，1981年7月25日因心脏衰竭死于日本东京。代表作有《今生今世》、《山河岁月》、《禅是一枝花》、《中国文学史话》、《今日何日兮》等。
聂绀弩,,聂国棪,,,中国,上海高等英文学校,汉,1903年1月28日,1986年3月26日,作家，编辑,,湖北省京山县城,《聂绀弩诗全集》,妻子：周颖,聂绀弩，新中国著名诗人、散文家、“20世纪最大的自由主义者”，湖北京山人。曾用笔名耳耶、二鸦、箫今度等。 聂绀弩的诗作新奇而不失韵味、幽默而满含辛酸，被称作“独具一格的散宜生体”。1986年于北京病逝。
姚雪垠,,姚冠三,,,中国,河南大学,汉族,1910年10月10日,1999年4月29日,作家，小说家，全国第六届，七届政协委员,,河南邓县,《李自成》,,姚雪垠，中国现代小说家。现代著名作家。曾任中国作家协会名誉副主席、湖北省作家协会主席。全国第六届、七届政协委员。他在逆境中开始创作长篇历史小说《李自成》，小说以明末义军领袖李自成、明末皇帝崇祯为中心，塑造了一系列形象鲜明的历史人物，揭示了明末农民革命战争的特殊规律和封建社会阶级斗争以及民族斗争的复杂局面。其规模宏大、气势磅礴、文笔新颖，堪称农民革命战争的历史画卷。这部巨著从1957年动笔起，历时30余年，约230万字，分为5卷。从20世纪60年代出版第一卷时，就影响较大。曾获日本文部省、外务省颁发的文化奖。第2卷于1982年荣获首届“茅盾文学奖”。《李》书除有中、日文版本外，尚有英、法文等译本，在国际上影响日增。
姜戎,,吕嘉民,,,中国,社科院研究生院,汉,1946年4月,,作家,,北京,《狼图腾》,妻子：张抗抗,吕嘉民，汉族，1946年4月生于北京，籍贯上海。曾任中国劳动关系学院教师。主业：政治经济学，偏重政治学方面。1967年自愿赴内蒙古额仑草原插队。1978年返城。1979年考入社科院研究生院。作品《狼图腾》：1971年起腹稿于内蒙古锡盟东乌珠穆沁草原、1997年初稿于北京、2002年3月20日三稿于强沙尘暴下的北京、2003年岁末定稿于北京。2004年4月出版，后凭此作荣登“2006第一届中国作家富豪榜”。    2015年2月，由法国导演让·雅克·阿诺执导拍摄的电影版《狼图腾》上映，引发热议。
龙应台,,,,,中国,堪萨斯州立大学,,1952年2月13日,,,,中国台湾高雄大寮乡眷村,《野火集》，《亲爱的安德烈》，《目送》，《百年思索大江大海1949》,"儿子：安德烈
好友：林青霞",龙应台，1952年2月13日生于中国台湾高雄大寮乡眷村，现代作家、曾担任“台湾文化部部长”。1974年毕业于台湾国立成功大学外文系后，赴美国求学，后获堪萨斯州立大学英美文学博士。1988年迁居德国，在法兰克福大学任教授。1994年，出版《人在欧洲》。1998年，她的三部书《啊，上海男人》、《这个动荡的世界》、《故乡异乡》在上海相继发行。1999年，龙应台出任台北市首任文化局局长。2008年在香港大学教授任上获评为孔梁巧玲杰出人文学者。2010年11月15日，龙应台以260万人民币的版税收入，荣登作家富豪榜第16名，引发广泛关注。2014年12月5日，正式卸任台湾“文化部长”。
臧克家,,臧瑗望，少全，何嘉,,,中国,中国海洋大学，山东大学,汉族,1905年10月8日,2004年2月5日,诗人,,山东潍坊诸城,《难民》，《老马》，《烙印》，《有的人》,,臧克家著名诗人，山东潍坊诸城人，曾用名臧瑗望，笔名少全、何嘉。国立山东大学知名校友，是闻一多的学生、忠诚的爱国主义者、曾任中国民主同盟盟员。全国人民代表大会第二、三届代表，全国政协第五、六、七、八届委员，第七、八届常务委员，中国作家协会第一、二届理事，第三届理事、顾问，第四届顾问，第五、六届名誉副主席，中国文联第三、四届委员，第六、七届荣誉委员，中国诗歌学会会长。曾任《诗刊》主编，第一部诗集是《烙印》，主要讽刺诗集《宝贝儿》，文艺论文集《在文艺学习的道路上》。其短诗《有的人》被广泛传颂，且被选入六年级上册人教版第二十课；《说和做——记闻一多先生言行片段》入选七年级下册人教版第二课。
余光中,,,,,中国,厦门大学，台湾大学，爱荷华大学,汉族,1928年10月21日,2017年12月14日,文学家，诗人，散文家,,江苏南京,《乡愁》，《听听那冷雨》，《白玉苦瓜》，《记忆像铁轨一样长》，《分水岭上》,妻子：范我存,余光中，当代著名作家、诗人、学者、翻译家，出生于南京，祖籍福建永春。因母亲原籍为江苏武进，故也自称“江南人”。1947年毕业于南京青年会中学，入金陵大学外文系，1949年转厦门大学外文系，1952年毕业于台湾大学外文系。1959年获美国爱荷华大学艺术硕士。先后任教台湾东吴大学、台湾师范大学、台湾大学、台湾政治大学。其间两度应美国国务院邀请，赴美国多家大学任客座教授。1972年任台湾政治大学西语系教授兼主任。1974年至1985年任香港中文大学中文系教授，并兼任香港中文大学联合书院中文系主任二年。1985年，任台湾中山大学教授及讲座教授，其中有六年时间兼任文学院院长及外文研究所所长。余光中一生从事诗歌、散文、评论、翻译，自称为自己写作的“四度空间”，被誉为文坛的“璀璨五彩笔”。驰骋文坛逾半个世纪，涉猎广泛，被誉为“艺术上的多妻主义者”。其文学生涯悠远、辽阔、深沉，为当代诗坛健将、散文重镇、著名批评家、优秀翻译家。现已出版诗集 21 种；散文集 11 种；评论集 5 种；翻译集 13 种；共 40 余种。代表作有《白玉苦瓜》、《记忆像铁轨一样长》及《分水岭上：余光中评论文集》等，其诗作如《乡愁》、《乡愁四韵》，散文如《听听那冷雨》、《我的四个假想敌》等，广泛收录于大陆及港台语文课本。2017年12月14日，余光中教授于台湾逝世，享年89岁。
丽尼,,郭安仁,,,中国,,,1909.11.4,1968.8.3,教授,,湖北孝感,《白夜》，《鹰之歌》,,丽尼，原名郭安仁，1909年生于湖北孝感。是上世纪三四十年代一位有影响的散文家，有巴金为其编选的《白夜》和《鹰之歌》两本散文集存世。曾任《泉州日报》副刊编辑，晋江黎明高中、武汉美专教师。1930年到上海参加左联，与巴金等人创办文化生活出版社，抗战后在福建、四川从事写作和教学，任重庆相辉学院外文系、武汉大学中文系教授，1949年后历任中南人民出版社、中南人民文学艺术出版社、中央电影局艺术编译室、中国影协编辑，《译文》编委，广州暨南大学教授。“文革”中受到迫害，1968年殁于广州。1978年9月平反昭雪，恢复名誉。20世纪30年代开始发表作品。1955年加入中国作家协会。著有散文集《白夜》、《鹰之歌》、《黄昏之献》，译著长篇小说《田园交响乐》、《贵族之家》、《前夜》、《天蓝的生活》，专著《俄国文学史》，文学剧本《伊凡诺夫》、《海鸥》、《万尼亚舅舅》、《苏瓦洛夫元帅》等。
王任叔,,巴人,,,中国,浙江省立第四师范,,1901年,1972年,作家,,浙江奉化,,,王任叔，乳名朝伦，谱名运镗，字任叔，号愚庵，笔名巴人等，浙江省奉化县大堰村人。王任叔13岁参加全县小学统考，作文名列前茅。1915年考入浙江省第四师范，五四运动中任宁波学生联合会秘书。1920年毕业，先后执教镇海、鄞县等地小学。1922年5月始发表散文、诗作、小说，由郑振铎介绍加入文学研究会。1924年10月任《四明日报》编辑，主编副刊《文学》。翌年任县立初级中学教务主任，主编剡社月刊《新奉化》。新中国成立后任新中国驻印度尼西亚首任大使，文革中被迫害致死，终年七十一岁。
冰心,Xie，Wanying,氷心，世纪老人，文坛祖母，谢婉莹,世纪老人，文坛祖母,,中国,燕京大学，美国威尔斯利女子大学,汉族,1900年10月5日,1999年2月28日,诗人，作家，翻译家，社会活动家，散文家,,福建省福州三坊七巷谢家大宅,,"丈夫：吴文藻
女儿：吴青，吴冰
儿子：吴平",冰心，女，原名谢婉莹，福建长乐人 ，中国民主促进会成员。中国诗人，现代作家、翻译家、儿童文学作家、社会活动家、散文家。笔名冰心取自“一片冰心在玉壶”。1919年8月的《晨报》上，冰心发表了第一篇散文《二十一日听审的感想》和第一篇小说《两个家庭》。1923年出国留学前后，开始陆续发表总名为《寄小读者》的通讯散文，成为中国儿童文学的奠基之作。在日本被东京大学聘为第一位外籍女讲师，讲授“中国新文学”课程，于1951年返回中国。1999年2月28日21时12分冰心在北京医院逝世，享年99岁，被称为&quot;世纪老人&quot;。
叶圣陶,,叶绍钧,,,中国,,汉族,1894年10月28日,1988年2月16日,作家，教育家，社会活动家和文学出版家,,江苏苏州,《隔膜》，《线下》，《倪焕之》，《脚步集》，《西川集》，《稻草人》,"儿子：叶至善，叶至诚
孙子：叶兆言
儿媳：姚澄",叶圣陶，男，原名叶绍钧，字秉臣、圣陶，1894年10月28日生于江苏苏州，现代作家、教育家、文学出版家和社会活动家，有“优秀的语言艺术家”之称。1907年，考入草桥中学。1916年，进上海商务印书馆附设尚公学校执教，推出第一个童话故事《稻草人》。1918年，发表第一篇白话小说《春宴琐谭》。1923年，发表长篇小说《倪焕之》。1949年后，先后出任教育部副部长、人民教育出版社社长和总编、中华全国文学艺术界联合委员会委员、中国作家协会顾问、中央文史研究馆馆长、中华人民共和国全国政协副主席，第一、二、三、四、五届全国人民代表大会常务委员会委员，民进中央主席。1983年当选为第六届全国政协副主席。是第一至四届全国人大代表、第五届全国人大常委，第一届全国政协委员、第五届全国政协常委。1988年2月16日在北京逝世，享年94岁。
金庸,Louis，Cha,查良镛,,,中国,上海东吴大学法学院，剑桥大学,汉族,1924年3月10日,2018年10月30日,作家，政论家，社会活动家,,浙江省嘉兴市海宁市,《射雕英雄传》，《神雕侠侣》，《倚天屠龙记》，《天龙八部》，《笑傲江湖》，《鹿鼎记》，《雪山飞狐》，《书剑恩仇录》,"妻子：林乐怡
女儿：查传讷，查传诗
儿子：查传倜，查传侠
前妻：朱玫，杜治芬
母亲：徐禄
表哥：徐志摩",金庸，本名查良镛，生于浙江省嘉兴市海宁市，1948年移居香港。当代武侠小说作家、新闻学家、企业家、政治评论家、社会活动家，“香港四大才子”之一。1944年考入重庆中央政治大学外交系。1946年秋，金庸进入上海《大公报》任国际电讯翻译。1948年，毕业于上海东吴大学法学院，并被调往《大公报》香港分社。1952年调入《新晚报》编辑副刊，并写出《绝代佳人》、《兰花花》等电影剧本。1959年，金庸等人于香港创办《明报》。1985年起，历任香港特别行政区基本法起草委员会委员、政治体制小组负责人之一，基本法咨询委员会执行委员会委员，以及香港特别行政区筹备委员会委员。1994年，受聘北京大学名誉教授。2000年，获得大紫荆勋章。2007年，出任香港中文大学文学院荣誉教授。2009年9月，被聘为中国作协第七届全国委员会名誉副主席；同年荣获2008影响世界华人终身成就奖。2010年，获得剑桥大学哲学博士学位。2018年10月30日，金庸在香港逝世，享年94岁。沙田香港文化博物馆“金庸馆”2018年11月12日下午4至6点设置吊唁册，让公众作最后致意。  入围感动中国2018候选人物。
毕淑敏,,,,,中国,北京外国语学院附属学校,汉族,1952年10月,,作家，心理医生,,新疆伊宁,《昆仑殇》，《红处方》,搭档：庄婧,毕淑敏，1952年10月出生于新疆伊宁，中共党员，国家一级作家、内科主治医师、北京作家协会副主席、北京师范大学文学硕士，心理学博士方向课程结业，注册心理咨询师。中国作协第九届全委会委员。1969年入伍，在喜马拉雅山、冈底斯山、喀喇昆仑山交汇的西藏阿里高原部队当兵11年。历任卫生员、助理军医、军医等。从事医学工作20年后，开始专业写作，1989年加入中国作家协会。2007年，毕淑敏以365万元的版税收入，荣登“2007第二届中国作家富豪榜”第14位，引发广泛关注。著有《毕淑敏文集》十二卷，长篇小说《红处方》《血玲珑》《拯救乳房》《女心理师》《鲜花手术》等畅销书。她的《学会看病》选入语文5年级上册第20课。曾获庄重文文学奖、小说月报第四、五、六届百花奖、当代文学奖、陈伯吹文学大奖、北京文学奖、昆仑文学奖、解放军文艺奖、青年文学奖、台湾第16届中国时报文学奖、台湾第17届联合报文学奖等各种文学奖30余次。
三毛,ECHO,陈平，陈懋平,,,中国,台北文化学院哲学系,汉族,1943年3月26日,1991年1月4日,作家，旅行家，演讲家,,重庆黄角桠,《梦里花落知多少》，《雨季不再来》，《撒哈拉的故事》,"丈夫：荷西
好友：贾平凹，杏林子
老师：韩湘宁",三毛，女，原名陈懋平，浙江定海人。1943年出生于重庆黄角桠。中国现代作家。1948年，随父母迁居台湾。1967年赴西班牙留学，后去德国、美国等。1973年定居西属撒哈拉沙漠和荷西结婚。1981年回台后，曾在文化大学任教，1984年辞去教职，而以写作、演讲为重心。1991年1月4日，三毛在医院去世，年仅四十八岁。
铁凝,,,,,中国,保定第十一中学高中,汉族,1957年9月,,作家,,北京,"《哦,香雪》，《大浴女》，《玫瑰门》，《麦秸垛》",丈夫：华生,铁凝，1957年生河北赵县，当代著名作家。主要著作：《玫瑰门》、《无雨之城》、《大浴女》、《麦秸垛》、《哦，香雪》、《孕妇和牛》以及散文、电影文学剧本等百余篇，总计300余万字。散文集《女人的白夜》获中国首届鲁迅文学奖，中篇小说《永远有多远》获第二届鲁迅文学奖。根据小说改编的电影《哦，香雪》获第41届柏林国际电影节青春片最高奖。电影《红衣少女》获1985年中国电影“金鸡奖”“百花奖”优秀故事片奖。部分作品译成英、法、德、日、俄、丹麦、西班牙等文字。亦有小说在香港和台湾出版。现任中国共产党第十九届中央委员会委员，中国文联主席、中国作家协会主席。
朱自清,Zhu，Ziqing,自华,字佩弦号秋实,,中国,北京大学,汉族,1898年11月22日,1948年8月12日,散文家，诗人，学者，民主战士,,江苏东海县,《春》，《绿》，《背影》，《荷塘月色》，《匆匆》,"妻子：陈竹隐
儿子：朱迈先，朱闰生
前妻：武钟谦
弟弟：朱物华
老师：吴梅",朱自清，原名自华，号秋实，后改名自清，字佩弦。中国近代散文家、诗人、学者、民主战士。原籍浙江绍兴，出生于江苏省东海县，后随祖父、父亲定居扬州，自称“我是扬州人”。1916年中学毕业并成功考入北京大学预科。1919年开始发表诗歌。1928年第一本散文集《背影》出版。1932年7月，任清华大学中国文学系主任。1934年，出版《欧游杂记》和《伦敦杂记》。1935年，出版散文集《你我》。1948年8月12日因胃穿孔病逝于北平，年仅50岁。
了一容,,张根粹,,,中国,,东乡族,1976年,,中国作家协会会员,,,,,了一容，本名张根粹，男，东乡族，中国伊斯兰教张门门宦教主后裔，一级作家，中国作家协会会员。从事于小说创作与书画理论研究。生于宁夏西海固的西吉县沙沟乡，原籍甘肃临夏。曾在天山草原牧马、巴颜喀拉山淘金，足迹遍及祖国西部。鲁迅文学院第三届中青年高级作家班学员。2001年参加全国青年作家创作研讨会。多次获宁夏自治区文艺奖，获中国当代少数民族文学研究创作新秀奖，十年《飞天》文学奖。90年代初始发作品，迄今已在全国各大文学期刊发表作品四百多万言，小说多次被《小说选刊》《小说精选》《北京文学中篇小说月报》《中华文学选刊》等转载，并入选年度最佳小说和各类文学书籍。部分作品被译介到国外。是西海固作家群中最具代表性的作家之一。
郭沫若,,郭开贞，沫若,字鼎堂，号尚武,,中国,九州帝国大学,汉族,1892年11月16日,1978年6月12日,文学家，历史学家,,中国-四川-乐山-沙湾,《郭沫若全集》，《甲骨文字研究》，《中国史稿》,"妻子：郭安娜
儿子：郭博，郭和夫，郭世英
师友：黄现璠",郭沫若，原名郭开贞，字鼎堂，号尚武，乳名文豹，笔名沫若、麦克昂、郭鼎堂、石沱、高汝鸿、羊易之等。1892年11月16日出生于四川乐山沙湾，毕业于日本九州帝国大学，现代文学家、历史学家、新诗奠基人之一、中国科学院首任院长、中国科学技术大学首任校长、苏联科学院外籍院士。1914年，郭沫若留学日本，在九州帝国大学学医。1921年，发表第一本新诗集《女神》；1930年，他撰写了《中国古代社会研究》。1949年；郭沫若当选为中华全国文学艺术会主席。曾任中国科学院哲学社会科学部主任、历史研究所第一所所长、中国人民保卫世界和平委员会主席、中日友好协会名誉会长、中国文联主席等要职，当选中国共产党第九、十、十一届中央委员，第二、第三、第五届全国政协副主席。1978年6月12日，因病长期医治无效，在北京逝世，终年86岁。
海岩,Hai，Yan,侣海岩,,,中华人民共和国,,汉族,1954年11月7日,,作家，企业家，编剧，导演,,北京,《一场风花雪月的事》，《拿什么拯救你》，《我的爱人》，《玉观音》，《永不瞑目》,"儿子：侣皓吉吉
搭档：孙俪，李巍",海岩，本名侣海岩，1954年11月7日出生于北京，中国作家、编剧。1985年，出版人生第一部长篇小说《便衣警察》，并首次改编为电视剧呈现荧屏。1994年，创作《永不瞑目》，并获得第二届中国人口文化奖。2000年，因改编电视《永不瞑目》开始受人关注。2002年，海岩《拿什么拯救你，我的爱人》被改编为电视剧，并凭此获得北京电视春燕奖最佳编剧奖。2003年，他告别海润公司，加盟世纪英雄电影公司，并成立了“海岩影视工作室”。2004年，凭借编著《玉观音》改编的同名电视剧获得中国电视金鹰节最佳编剧奖；同年，入选 “福布斯中国名人榜”第62名。2005年，获选 “福布斯中国名人榜”第100名。2006年，以380万元版税的收入占据第一届中国作家富豪榜第16位。2007年，再次名列第二届中国作家富豪榜，排名第17位。2008年，获得《国剧盛典·回响30年》最具影响力人物奖；同年，斩获第三届中国作家富豪榜第20位。2009年，获得“新浪网络盛典60年专场”时代影响力文化人物奖，2010年，海岩获得“2009中华文化人物”终身成就称号。2013年，获得第八届中国作家富豪榜编剧作家第4名。
余秋雨,,秋雨,,,中国,上海戏剧学院,汉族,1946.8.23,,中国艺术研究院“秋雨书院”院长，上海图书馆理事长,,浙江省余姚县,《文化苦旅》，《山居笔记》，《君子之道》，《何谓文化》，《冰河》，《千年一叹》，《行者无疆》,妻子：马兰,余秋雨，1946年8月23日出生于浙江省宁波市余姚县，中国著名当代文化学者，理论家、文化史学家、作家、散文家。1966年毕业于上海戏剧学院戏剧文学系。1980年陆续出版了《戏剧理论史稿》《中国戏剧文化史述》《戏剧审美心理学》。1985年成为中国大陆最年轻的文科教授。1986年被授予上海十大学术精英。1987年被授予国家级突出贡献专家的荣誉称号。余秋雨以擅写历史文化散文著称，他的散文集《文化苦旅》在出版后广受欢迎。此外，他还著有《山居笔记》《霜冷长河》《千年一叹》等散文作品。
郭敬明,Jing，M.Guo,第四维，小四，四爷，太子,,,中国,上海大学,汉族,1983年6月6日,,作家，导演，出品人，董事长,,四川省自贡市,《幻城》，《1995-2005夏至未至》，《小时代系列》，《爵迹》，《悲伤逆流成河》,好友：郭采洁，杨幂，落落,郭敬明，1983年6月6日出生于四川自贡，中国作家、上海最世文化发展有限公司董事长、《最小说》等杂志主编。高中时期以“第四维”为笔名在网站榕树下发表文章。2002年出版第一部作品《爱与痛的边缘》。2003年，因玄幻小说《幻城》而被人们熟知和关注。2004年，郭敬明成立“岛”工作室，开始主编《岛》系列杂志。2005年，郭敬明出版了小说《1995——2005夏至未至》。2007年，郭敬明出版了小说《悲伤逆流成河》。2008年至2012年陆续出版《小时代》“三部曲”。2013年6月27日，由郭敬明自编自导的同名电影《小时代》问世，并因此获得第16届上海国际电影节中国新片“最佳新人导演”奖。2013年12月，郭敬明出版散文集《愿风裁尘》，并在腾讯文学首发。2014年7月17日，郭敬明执导的电影《小时代3：刺金时代》上映。2015年6月3日，郭敬明宣布自己不仅以导演身份入主《爵迹》同时也参演《爵迹》。2015年7月9日，郭敬明执导的电影《小时代4：灵魂尽头》上映。2016年郭敬明所创作小说《夏至未至》将拍电视剧。2016年3月，郭敬明透露将出《爵迹》新书四部曲，电影《爵迹》将于暑期档同期上映。
池莉,,,,,中国,武汉科技大学，武汉大学,,1957年5月30日,,作家,,湖北仙桃,《来来往往》，《汉口情景》,,池莉，当代著名作家，湖北省文联副主席，武汉市文联主席，中国作家协会会员，连续四届全国人大代表。中国作协第九届全委会委员。现居武汉。她的作品大部分体现了武汉的特色，她写的人物大部分也和武汉这座特大城市的性格有关，多部作品被改编成电影和电视剧，社会反响强烈。
余华,,,,,中国,,汉,1960年4月3日,,作家,,浙江杭州,《活着》，《许三观卖血记》，《十八岁出门远行》，《鲜血梅花》，《世事如烟》，《兄弟》，《在细雨中呼喊》，《现实一种》，《战栗》,,余华，1960年4月3日生于浙江杭州，当代作家。中国作家协会第九届全国委员会委员。1977年中学毕业后，进入北京鲁迅文学院进修深造。1983年开始创作，同年进入浙江省海盐县文化馆。1984年开始发表小说，《活着》和《许三观卖血记》同时入选百位批评家和文学编辑评选的九十年代最具有影响的十部作品。1998年获意大利格林扎纳·卡佛文学奖。2005年获得中华图书特殊贡献奖。现就职于杭州文联。
沈石溪,,沈一鸣，中国动物小说大王,中国动物小说大王,,中国,,汉族,1952年10月,,作家，动物专家,,上海亭子间,《第七条猎狗》，《最后一头战象》，《斑羚飞渡》，《狼王梦》，《一只猎雕的遭遇》,,沈石溪，原名沈一鸣，2013第八届中国作家富豪榜上榜作家。1952年10月生于上海亭子间，祖籍浙江慈溪，汉族。中共党员。大专文化。职称文学创作二级。1982年10月加入省作协，1985年9月加入中国作协。 1968年初中毕业赴西双版纳傣族村寨插队落户。1975年应征入伍，曾任宣传部长。在1992年调任成都军区创作室。沈石溪最擅长动物小说。被称为“中国动物小说大王”。代表作品有：《猎狐》《第七条猎狗》《再被狐狸骗一次》《狼王梦》《白象家族》《斑羚飞渡》《最后一头战象》《一只猎雕的遭遇》《和乌鸦做邻居》《野犬女皇》、《鸟奴》、《混血豺王》《雪豹悲歌》等。
曹文轩,Cao，Wenxuan,,,,中国,北京大学,汉族,1954年1月,,作家，教师,,江苏盐城,《草房子》，《青铜葵花》,,曹文轩，1954年1月出生于江苏盐城，中国儿童文学作家。1977年毕业于北京大学中文系并留校任教。任北京作家协会副主席，当代文学教研室主任、中国作家协会儿童文学委员会委员。1991年，推出小说《山羊不吃天堂草》。1997年，出版小说《草房子》，并担任改编电影编剧。1999年，出版小说《根鸟》。2005年，推出小说《青铜葵花》。2016年4月4日，曹文轩获“国际安徒生奖”，同年8月20日，曹文轩在新西兰领取国际安徒生奖，这也是中国作家首次获此殊荣。2017年3月31日，获得2016-2017“影响世界华人大奖”。2017年12月，凭借特殊文体长篇小说《蜻蜓眼》获得首届“吴承恩长篇小说奖”。
肖复兴,xingfuxiao,玉茂,,,中国,中央戏剧学院,汉族,1947年,,作家,,河北沧县,《我们曾经相爱》，《早恋》，《青春梦幻曲》,儿子：肖铁,肖复兴，1947年出生，中国著名作家，原籍河北沧州，现居北京，1968年到黑龙江生产建设兵团插队知青，曾任《人民文学》杂志社副主编，国务院新闻办《中国网》专栏作家、专家。当过大中小学教师，曾任《小说选刊》副主编。已出版50余种书，曾多次获全国及北京、上海地区优秀文学奖。
王蒙,,,,,中国,,汉族,1934年10月15日,,中国当代作家，学者,,河北南皮,《青春万岁》，《组织部来了个年轻人》,妻子：崔瑞芳,王蒙，男，河北南皮人，祖籍河北沧州，1934年10月15日生于北京。中共第十二届、十三届中央委员，第八、九、十届全国政协常委。中国当代作家、学者，文化部原部长、中国作家协会名誉主席，任解放军艺术学院、南京大学、浙江大学、上海师范大学、华中师范大学、新疆大学、新疆师范学院、中国海洋大学、安徽师范大学教授、名誉教授、顾问，中国海洋大学文新学院院长。现在居住在北京，著有长篇小说《青春万岁》、《活动变人形》等近百部小说，其作品反映了中国人民在前进道路上的坎坷历程。曾获意大利蒙德罗文学奖、日本创价学会和平与文化奖、俄罗斯科学院远东研究所与澳门大学荣誉博士学位、约旦作家协会名誉会员等荣衔。作品翻译为二十多种语言在各国发行。2017年12月，王蒙《奇葩奇葩处处哀》获得第十七届百花文学奖中篇小说奖。
李敖,,,,,中国,台湾大学,汉族,1935年4月25日,2018年3月18日,作家，近代史学者，时事批评家,,黑龙江省哈尔滨市,《李敖大全集》，《李敖回忆录》，《北京法源寺》，《阳痿美国》,"妻子：王小屯
女儿：李文，李谌
儿子：李戡
前妻：胡因梦
前女友：王尚勤",李敖，男，字敖之，出生于黑龙江省哈尔滨市，思想家，自由主义大师，国学大师，中国近代史学者，时事批评家，台湾作家，历史学家，诗人；台湾省无党派人士，曾任台湾“立法委员”，2008年任满，宣布退出台湾省政坛。因其文笔犀利、批判色彩浓厚，嬉笑怒骂皆成文章，所以自诩为“中国白话文第一人”。“以玩世来醒世，用骂世而救世”，有《北京法源寺》、《阳痿美国》、《李敖有话说》、《红色11》等100多本著作，前后共有九十六本被禁，创下历史纪录，被西方传媒追捧为“中国近代最杰出的批评家”。《李敖大全集》是他大部分著作的合集，共80册，凡3000万字。2005年9月访问大陆，在北大、清华、复旦三所顶尖高校发表了名为“金刚怒目、菩萨低眉、尼姑思凡”的系列演讲。2018年3月18日，李敖在台北不幸过世，享年83岁。预定演出票-国家大剧院官网提供
徐则臣,,,,,中国,北京大学,汉,1978年,,作家/小说家,,江苏东海,《耶路撒冷》，《午夜之门》，《夜火车》，《水边书》，《天上人间》,,徐则臣，男。1978年出生于江苏东海。毕业于北京大学中文系，文学硕士。徐则臣被认为是中国“70后作家的光荣”，其作品被认为“标示出了一个人在青年时代可能达到的灵魂眼界”。《如果大雪封门》荣获第六届鲁迅文学奖短篇小说奖。2014年凭借《耶路撒冷》获得老舍文学奖，并且在2015年提名第九届茅盾文学奖。2016年《耶路撒冷》获得首届海峡两岸新锐作家好书奖。
陈忠实,,,,,中国,西安市第三十四中学,汉族,1942年8月,2016年4月29日,作家,,陕西西安市灞桥区,《白鹿原》,,陈忠实，男，中国当代著名作家，中国作家协会副主席。《白鹿原》是其成名著作，其他代表作有短篇小说集《乡村》、《到老白杨树背后去》，以及文论集《创作感受谈》。 中篇小说集《初夏》、《四妹子》，《陈忠实小说自选集》，《陈忠实文集》，散文集《告别白鸽》等。1997年获茅盾文学奖，其中《白鹿原》被教育部列入“大学生必读”系列，已发行逾160万册，被改编成秦腔、话剧、舞剧、电影等多种艺术形式。2006年12月15日，“2006第一届中国作家富豪榜”重磅发布，陈忠实以455万元的版税收入，荣登作家富豪榜第13位，引发广泛关注。2016年4月29日7:40左右，因病在西安西京医院去世。2016年4月30日，习近平、刘云山、王岐山、胡锦涛、曾庆红、栗战书、赵乐际、刘奇葆等中央领导送了花圈。
叶延滨,,,,,中国,,,1948年11月17日,,主编,,哈尔滨,《诗刊》，《不悔》，《二重奏》,,叶延滨，男，现任《诗刊》主编，中国作家协会全国委员会委员。1948年11月17日生于哈尔滨，1982年分配到四川作家协会《星星》诗刊任编辑、副主编、主编共12年整。1994年调北京广播学院文艺系任系主任、教授。1995年调中国作家协会任《诗刊》主编等职。曾获中国作家协会优秀中青年诗人诗歌奖、第三届中国新诗集奖以及十月文学奖、四川文学奖、北京文学奖、郭沫若文学奖等40余种全国及省以上的文学艺术奖。
郝永勃,,,,,中国,,汉族,,,《淄博晚报》副刊编辑，主任，副总编辑,,山东昌邑,《献给受难者的花》,,郝永勃，山东昌邑人。中共党员。1985年后任淄博市青少年宫文学教师，1993年后任《淄博晚报》副刊编辑、主任、副总编辑。
李敬泽,,,,,中国,北京大学中文系,汉族,1964年1月,,文学，作家,,山西芮城,《颜色的名字》，《通往故乡的道路》，《看来看去或秘密交流》,,李敬泽，1964年1月出生，祖籍山西。1980年考入北京大学中文系。1984年毕业后在《小说选刊》工作，任《小说选刊》杂志编辑，1990年调至《人民文学》杂志，历任《人民文学》杂志编辑、第一编辑室副主任、主任、《人民文学》杂志副主编。中国作家协会第九届全国委员会委员。
苏童,,,,,中国,北京师范大学,,1963年1月,,文学，编辑,,江苏苏州,《妻妾成群》，《1934年的逃亡》，《河岸》,,苏童，原名童忠贵，中国当代著名作家。1980年考入北京师范大学中文系，现为中国作家协会江苏分会驻会专业作家、江苏省作协副主席。代表作包括《园艺》、《红粉》、《妻妾成群》、《河岸》和《碧奴》等。中篇小说《妻妾成群》入选20世纪中文小说100强，并且被张艺谋改编成电影《大红灯笼高高挂》，获提名第64届奥斯卡最佳外语片，蜚声海内外。2015年8月16日，苏童第5部作品《黄雀记》获第九届茅盾文学奖。2018年出版合著《好好读书：名家给年轻人的读书课》。2016年12月，中国作家协会第九届全国委员会委员。
韩作荣,,何安,,,中国,黑龙江农业机械化学校,,1947,2013,,,黑龙江海伦,,,韩作荣，笔名何安，黑龙江海伦人，中共党员。1966年毕业于黑龙江农业机械化学校。1968年参加工作，历任工人、解放军工程兵战士、排长、师政治部干事，转业后任《诗刊》编辑，《人民文学》编辑、副主任、主任、副主编、常务副主编、主编。中国作协第六、七、八届全委会委员。2012月4月当选为中国诗歌学会常务副会长，2013年6月当选为中国诗歌学会会长。2013年11月12日凌晨因病医治无效在京逝世，享年66岁。
郑渊洁,,“童话大王”,,,中国,北京马甸小学肄业,汉族,1955年6月15日,,作家，慈善家,,河北石家庄,《童话大王》，《舒克和贝塔》，《皮皮鲁和鲁西西》，《魔方大厦》,"女儿：郑亚飞
儿子：郑亚旗
好友：崔永元",郑渊洁，1955年6月15日生于河北石家庄，现代作家、演讲家、慈善家。无党派。其父原籍山西临汾，其母原籍浙江绍兴。1970年至1976年服兵役在空军航空兵维修歼6战机。退役后当过工人。1977年开始文学创作。2006年创作的《皮皮鲁总动员》名列全球第四名。2008年郑渊洁成为中国作家获国际版权创意金奖第一人。2008年12月5日，时任国家主席胡锦涛向郑渊洁颁发“中华慈善楷模奖”。2011年开发出中国第一款普法网络游戏《皮皮鲁和419宗罪》。2009年，荣登第四届中国作家富豪榜榜首。2012年，荣登第七届中国作家富豪榜榜首 。2017年，荣登第十一届中国作家富豪榜榜首。
周作人,,知堂,,,中国,,汉族,1885年1月16日,1967年5月6日,作家,,浙江绍兴,《鲁迅的青年时代》,"妻子：羽太信子
母亲：鲁瑞
哥哥：鲁迅
弟弟：周建人
妻妹：羽太芳子
侄子：周海婴
学生：俞平伯",周作人原名櫆寿，字星杓，又名启明、启孟、起孟，笔名遐寿、仲密、岂明，号知堂、药堂、独应等，浙江绍兴人。是鲁迅之弟，周建人之兄。中国现代著名散文家、文学理论家、评论家、诗人、翻译家、思想家，中国民俗学开拓人，新文化运动的杰出代表。历任国立北京大学教授、东方文学系主任，燕京大学新文学系主任、客座教授。新文化运动中是《新青年》的重要同人作者，并曾任“新潮社”主任编辑。“五四运动”之后，与郑振铎、沈雁冰、叶绍钧、许地山等人发起成立“文学研究会”；并与鲁迅、林语堂、孙伏园等创办《语丝》周刊，任主编和主要撰稿人。曾经担任北平世界语学会会长。
毛泽东,,石三伢子，二十八画生,,,中华人民共和国,湖南省立第一师范学校,汉,1893年12月26日,1976年09月09日,,,湖南省长沙府湘潭县韶山冲,《矛盾论》，《实践论》，《论持久战》，《沁园春·雪》,"妻子：江青，贺子珍，杨开慧，罗一秀
女儿：李讷
儿子：毛岸红，毛岸龙，毛岸英，毛岸青",毛泽东，字润之，笔名子任。湖南湘潭人。中国人民的领袖，马克思主义者，伟大的无产阶级革命家、战略家和理论家，中国共产党、中国人民解放军和中华人民共和国的主要缔造者和领导人，诗人，书法家。1949至1976年，毛泽东担任中华人民共和国最高领导人。他对马克思列宁主义的发展、军事理论的贡献以及对共产党的理论贡献被称为毛泽东思想。因毛泽东担任过的主要职务几乎全部称为主席，所以也被人们尊称为“毛主席”。毛泽东被视为现代世界历史中最重要的人物之一，《时代》杂志也将他评为20世纪最具影响100人之一。
顾颉刚,Gu，xie-gang,诵坤，顾诵坤,,,中国,北京大学哲学部,汉人,1893年5月8日,1980年12月25日,中国历史学家，民俗学家,,江苏吴县,《古史辨》，《当今中国史学》,,顾颉刚，名诵坤，字铭坚，号颉刚；小名双庆，笔名有余毅、铭坚等。汉人，江苏苏州人。中国现代著名历史学家、民俗学家，古史辨学派创始人，现代历史地理学和民俗学的开拓者、奠基人。1920年，顾颉刚毕业于北京大学，后历任厦门大学、中山大学、燕京大学、北京大学、云南大学、兰州大学等校教授。新中国成立后，任中国科学院历史研究所研究员、中国民间文艺研究会副主席、民主促进会中央委员等职。
丁西林,,,,,中国,英国伯明翰大学,汉族,1893,1974,剧作家，物理学家，社会活动家,,,《一只马蜂》，《压迫》，《三块钱国币》，《等太太归来》,,丁西林中国剧作家、物理学家、社会活动家。原名丁燮林，字巽甫。1893年9月29日生于江苏省泰兴县黄桥镇。1913年毕业于上海交通部工业专门学校 ，1914年，入英国伯明翰大学攻读物理学和数学。1920年归国，历任北京大学物理系教授、国立中央研究院物理研究所所长。
林语堂,Lin，Yutang,和乐，玉堂,,,中国,哈佛大学，莱比锡大学,汉,1895年10月10日,1976年3月26日,著名学者，文学家，语言学家,,福建漳州平和县坂仔镇,《京华烟云》，《吾国与吾民》，《生活的艺术》，《老子的智慧》,妻子：廖翠凤,林语堂，福建龙溪人，原名和乐，后改玉堂，又改语堂，中国现代著名作家、学者、翻译家、语言学家，新道家代表人物。早年留学美国、德国，获哈佛大学文学硕士，莱比锡大学语言学博士。回国后在清华大学、北京大学、厦门大学任教。1945年赴新加坡筹建南洋大学，任校长。曾任联合国教科文组织美术与文学主任、国际笔会副会长等职。林语堂于1940年和1950年先后两度获得诺贝尔文学奖提名。曾创办《论语》《人间世》《宇宙风》等刊物，作品包括小说《京华烟云》《啼笑皆非》。散文和杂文文集《人生的盛宴》《生活的艺术》以及译著《东坡诗文选》《浮生六记》等。1966年定居台湾，1967年受聘为香港中文大学研究教授，主持编撰《林语堂当代汉英词典》。1976年在香港逝世，享年80岁。
柔石,,金桥，赵平复，少雄,,,中国,浙江省立第一师范学校,汉族,1902年9月28日,1931年2月7日,作家，革命家,,浙江宁海,《二月》，《三姊妹》，《为奴隶的母亲》,女友：冯铿,柔石，男性，浙江宁海人。姓赵，名平福，后改为平复，笔名柔石、金桥、赵璜、刘志清等。中国作家、中国共产党员，左联五烈士之一。短篇小说集《疯人》《希望》，中篇小说《三姊妹》《二月》《为奴隶的母亲》，长篇小说《旧时代之死》，诗歌《战》《血在沸——纪念一个在南京被杀害的湖南小同志的死》，报告文学《一个伟大的印象》以及杂文《个人主义与流氓本相》等；译作有《丹麦短篇小说集》《颓废》，他还编辑出版了刊物《语丝》26期、《朝花周刊》20期、《朝花旬刊》12期，以及专门介绍外国版画的画集《艺苑朝华》5辑，对繁荣我国的革命文艺创作，推进新文化运动和扶植新生的木刻艺术有着不朽的功绩。
沈从文,Shen，Congwen,沈岳焕,,,中国,高小毕业,苗族,1902年12月28日,1988年5月10日,作家,,湖南凤凰县,《边城》，《中国丝绸图案》，《唐宋铜镜》，《龙凤艺术》,"爷爷：沈宏富
学生：汪曾祺
表侄：黄永玉，黄永厚",沈从文，男，原名沈岳焕，乳名茂林，字崇文，笔名休芸芸、甲辰、上官碧、璇若等，湖南凤凰人，中国著名作家、历史文物研究者。14岁时，他投身行伍，浪迹湘川黔交界地区。1924年开始进行文学创作，撰写出版了《长河》、《边城》等小说。1931年－1933年在青岛大学任教，抗战爆发后到西南联大任教，1946年回到北京大学任教，建国后在中国历史博物馆和中国社会科学院历史研究所工作，主要从事中国古代历史与文物的研究，著有《中国古代服饰研究》。1988年病逝于北京，享年86岁。
冯雪峰,FengXueFeng,冯福春，画室，洛扬,,,中国,浙江第一师范学校,汉族,1903年6月2日,1976年1月31日,现代著名诗人，文艺理论家,,浙江义乌,《湖畔》，《雪峰文集》,,冯雪峰，原名福春，笔名雪峰、画室、洛阳等，浙江义乌人。现代著名诗人、文艺理论家。1921年考入浙江省立第一师范，1925年到北京大学旁听日语，1926年开始翻译日本、苏联的文学作品及文艺理论专著。1927年加入中国共产党。1928年结识了鲁迅，编辑出版《萌芽》月刊，并与鲁迅共同编辑《科学的艺术论丛书》。1929年参加筹备中国左翼作家联盟，后任“左联”党团书记、中共上海文化工作委员会书记。1933年底到瑞金任中共中央党校副校长。1934年参加长征。1936年春到上海，任中共上海办事处副主任。1937年回家乡，创作反映长征的长篇小说《卢代之死》。1941年被捕，1942年11月下旬被营救出狱。1943年到重庆，在中华文艺界抗敌协会工作。1950年任上海市文联副主席，鲁迅著作编刊社社长兼总编。后调北京，先后任人民文学出版社社长兼总编、《文艺报》主编、中国作协副主席、党组书记。1954年因《红楼梦》研究问题和“胡风事件”受批判，1957年被划为右派；1966年又被关进牛棚。1976年患肺癌去世。1979年中共中央为他彻底平反并恢复名誉。
丁玲,,蒋炜，丁冰之，彬芷，从喧,,,中国,上海大学中国文学系,汉族,1904年10月12日,1986年3月4日,著名作家，社会活动家,,湖南省临澧县佘市镇高丰村,《太阳照在桑干河上》，《莎菲女士的日记》,"丈夫：胡也频
女儿：蒋祖慧
学生：劫夫",丁玲，女，原名蒋伟，字冰之，又名蒋炜、蒋玮、丁冰之，笔名彬芷、从喧等，湖南临澧人，毕业于上海大学中国文学系，中共党员，著名作家、社会活动家。1936年11月，丁玲到达陕北保安，是第一个到延安的文人。丁玲的到来，给陕甘宁抗日根据地原本力量薄弱的文艺运动增添了新鲜的血液。她在中国现代文学史上作出过无法取代的贡献。代表著作有处女作《梦珂》，长篇小说《太阳照在桑干河上》《莎菲女士的日记》，短篇小说集《在黑暗中》等。1986年3月4日，丁玲在北京多福巷家中逝世，享年82岁。
吴伯箫,,熙成,,,中国,曲阜师范学校,汉,1906年03月13日,1982年08月10日,散文家和教育家,,山东省济南市莱芜区吴花园村,《羽书》,,吴伯箫， 原名熙成，当代著名的散文家和教育家。“文化大革命”中被开除党籍。“文化大革命”结束后，任全国中学语文教学研究会会长、《写作》主编、中国写作研究会会长等职，并参加郭沫若著作编辑委员会领导工作。1981年10月，出访英国，不久，当选全国文联理事。1982年8月病逝。
李健吾,,,,,中国,清华大学,汉族,1906年8月17日,1982年11月24日,作家，戏剧家，文艺评论家,,山西运城,《草莽》，《这不过是春天》，《青春》，《山东好》，《金小玉》,老师：石评梅,李健吾，笔名刘西渭。近代著名作家、戏剧家。从小喜欢戏剧和文学。1930年毕业于清华大学文学院外文系。1931年赴法国巴黎现代语言专修学校学习，1933年回国。历任国立暨南大学文学院教授，上海孔德研究所研究员，上海市戏剧专科学校教授，北大文学研究所、中国科学院外文所研究员。中国文联第四届委员。著有长篇小说《心病》等。译有莫里哀、托尔斯泰、高尔基、屠格涅夫、福楼拜、司汤达、巴尔扎克等名家的作品，并有研究专著问世。曾任国务院学位委员会评议组成员、法国文学研究会名誉会长。
萧军,,田军，三郎，刘鸿霖,,,中国,,汉族,1907年7月3日,1988年6月22日,作家,,辽宁省凌海市沈家台镇下碾盘沟村,《八月的乡村》，《第三代》,妻子：萧红,萧军，中国全国文联委员、中国作家协会理事、中国作家。原名刘鸿霖，笔名三郎、田军等。萧军于1907年7月3日出生在辽宁省凌海市沈家台镇下碾盘沟村。由于家境贫困只上过小学。1925年开始军旅生涯，担任过见习官、军事及武术助教等职务。写作生涯是在军队中开始的。1932年，萧军在哈尔滨化名“三郎”正式开始文学创作，并和中共地下党员、进步青年一起共同开展文学艺术活动。经过将近一年的努力，萧军创作完成了表现东北人民革命军抗日斗争的长篇小说《八月的乡村》。
吴组缃,吴组缃,吴祖襄,,近代,中国,清华大学,汉族,1908年4月5日,1994年1月11日,小说家，散文家，古典文学研究家,,安徽泾县,《一千八百担》，《鸭嘴涝》，《天下太平》，《樊家铺》,,吴组缃，二十世纪著名作家，原名吴祖襄，字仲华，安徽省泾县茂林人。1921年起先后在宣城安徽省立八中、芜湖省立五中和上海求学。在芜湖五中念书时曾编辑学生会创办的文艺周刊《赭山》，并开始在《皖江日报》副刊发表诗文，代表作品《一千八百担》。
曹禺,,添甲，万家宝,字：小石,,中国,清华大学,汉族,1910年9月24日,1996年12月13日,剧作家,,天津,《雷雨》，《日出》，《原野》，《北京人》,"妻子：李玉茹
女儿：万方，万昭
前女友：郑秀
老师：张彭春
同门：冯至",曹禺，中国杰出的现代话剧剧作家，原名万家宝，字小石，小名添甲。汉族，祖籍湖北潜江，出生在天津一个没落的封建官僚家庭里。其父曾任总统黎元洪的秘书，后赋闲在家，抑郁不得志。曹禺幼年丧母，在压抑的氛围中长大，个性苦闷而内向。1922年，入读南开中学，并参加了南开新剧团。曹禺笔名的来源是因为本姓“万”，繁体万字为草字头下一个禺。于是他将万字上下拆为‘草禺’，又因“草”不像个姓，故取谐音字个‘曹’，两者组合而得曹禺。曹禺是中国现代话剧史上成就最高的剧作家。曹禺自小随继母辗转各个戏院听曲观戏，故而从小心中便播下了戏剧的种子。其代表作品有《雷雨》、《日出》、《原野》、《北京人》。1996年12月13日，因长期疾病，曹禺在北京医院辞世，享年86岁。曹禺作为中国新文化运动的开拓者之一，与鲁迅、郭沫若、茅盾、巴金、老舍齐名。他是中国现代戏剧的泰斗，戏剧教育家，历任中国文联常委委员、执行主席；中国戏剧家协会常务理事，副主席；中国作协理事，北京市文联主席；中央戏剧学院副院长，名誉院长；北京人民艺术剧院院长等职务。他所创造的每一个角色，都给人留下了难忘的印象。1934年曹禺的话剧处女作《雷雨》问世，在中国现代话剧史上具有极其重大的意义，它被公认为是中国现代话剧成熟的标志，曹禺先生也因此被誉为“东方的莎士比亚”。
艾青,,莪加，克阿，林壁,,,中国,国立杭州西湖艺术院,汉,1910年3月27日,1996年5月5日,文学家，诗人,,浙江金华,《大堰河—我的保姆》，《北方》，《向太阳》,"妻子：高瑛
儿子：艾轩
儿媳：路青",艾青，原名蒋正涵，号海澄，曾用笔名莪加、克阿、林壁等。出生于浙江金华，现当代文学家、诗人。1928年中学毕业后考入国立杭州西湖艺术院。1933年第一次用笔名发表长诗《大堰河——我的保姆》。1932年在上海加入中国左翼美术家联盟，从事革命文艺活动。1935年，出版了第一本诗集《大堰河》。1957年被错划为右派。曾赴黑龙江、新疆生活和劳动，创作中断了二十余年。1979年平反后，任中国作家协会副主席、国际笔会中心副会长等职。1985年获法国文学艺术最高勋章。1996年5月5日凌晨4时15分因病逝世，享年86岁。艾青被认为是中国现代诗的代表诗人之一。主要作品有《大堰河——我的保姆》《艾青诗选》。 
萧乾,Xiao，Bingqian,萧秉乾,,,中国,燕京大学新闻系,蒙古族,1910.01.27,1999.02.11,记者，作家，翻译家,,北京,《篱下集》，《梦之谷》，《人生采访》，《一本褪色的相册》，《尤利西斯》,"妻子：文洁若
学生：林璎",萧乾，原名萧秉乾、萧炳乾。北京八旗蒙古人。中国现代记者、文学家、翻译家。先后就读于北京辅仁大学、燕京大学，英国剑桥大学。历任中国作家协会理事、顾问，全国政协委员，中央文史馆馆长等。1931年到1935年间，萧乾和美国人埃德加·斯诺等人编译了《中国简报》、《活的中国》等刊物和文学集。1935年他进入《大公报》当记者。1939年任伦敦大学东方学院讲师，兼任《大公报》驻英记者，是二战时期欧洲战场中国战地记者之一。还曾采访报道第一届联合国大会、审判纳粹战犯事件。1949年后，主要从事文学翻译工作。1995年出版了《一个中国记者看二次大战》，译作《尤利西斯》获第二届外国文学图书三等奖。
徐迟,,唐螂，史纲，商寿,,,中国,苏州东吴大学文学院,,1914年10月15日,1996年12月13日,作家,,浙江吴兴,《二十岁人》，《瓦尔登湖》,弟弟：徐舜寿,徐迟，原名商寿，浙江吴兴人。诗人、散文家和评论家。1983年加入中国共产党。20世纪30年代开始写诗。抗战爆发后，曾与戴望舒、叶君健合编《中国作家》，协助郭沫若编辑《中原》。新中国成立后，曾任《人民中国》编辑、《诗刊》副主编、《外国文学研究》主编。抗美援朝战争中，他奔赴前方采访，写出了许多战地通讯和特写。新时期，曾任中国作协理事、湖北省文联副主席。徐迟在报告文学领域作出了突出贡献。代表作有《哥德巴赫猜想》《地质之光》《祁连山下》《生命之树常绿》等。其中，《哥德巴赫猜想》与《地质之光》获中国优秀报告文学奖。2002年创立“徐迟报告文学奖”，作为中国报告文学学会的学会奖，专门用于关注和奖励中国报告文学创作中的优秀作家作品。著有诗集《二十岁人》、文艺评论集《诗与生活》以及《徐迟散文选集》等。
穆旦,,梁真，查良铮,,,中国,清华大学，西南联大，芝加哥大学,汉族,1918年,1977年,诗人，翻译家,,天津,《探险队》，《穆旦诗集》，《旗》,堂弟：金庸,穆旦，原名查良铮，曾用笔名梁真，祖籍浙江省海宁市袁花镇，出生于天津。现代主义诗人、翻译家。1940年在西南联大毕业后留校任教。1949年赴美国留学，入芝加哥大学英国文学系学习。1952年获文学硕士学位。1953年回国后，任南开大学外文系副教授。1958年受到政治迫害，调图书馆工作。1977年因心脏病突发去世。穆旦于40年代出版了《探险队》《穆旦诗集》《旗》三部诗集，将西欧现代主义和中国诗歌传统结合起来，诗风富于象征寓意和心灵思辨，是“九叶诗派”的代表性诗人。20世纪80年代之后，许多现代文学专家推其为现代诗歌第一人。主要译作有俄国普希金的作品《青铜骑士》《普希金抒情诗集》，英国雪莱的《云雀》《雪莱抒 情诗选》，英国拜伦的《唐璜》《拜伦抒情诗选》《拜伦诗选》，英国《布莱克诗选》《济慈诗选》。
汪曾祺,,,,,中国,西南联合大学,汉族,1920年3月5日,1997年5月16日,散文家，戏剧家，小说家,,江苏省高邮市,《受戒》，《沙家浜》，《大淖记事》，《黄油烙饼》，《葡萄月令》,"妻子：施松卿
老师：沈从文",汪曾祺，江苏高邮人，中国当代作家、散文家、戏剧家、京派作家的代表人物。被誉为“抒情的人道主义者，中国最后一个纯粹的文人，中国最后一个士大夫。”汪曾祺在短篇小说创作上颇有成就，对戏剧与民间文艺也有深入钻研。作品有《受戒》《晚饭花集》《逝水》《晚翠文谈》等。1935年秋，汪曾祺初中毕业考入江阴县南菁中学读高中。1939年夏，从上海经香港、越南到昆明，以第一志愿考入西南联大中国文学系。1950年，任北京市文联主办的《北京文艺》编辑。1961年冬，用毛笔写出了《羊舍一夕》。1963年，发表的《羊舍的夜晚》正式出版。1981年1月，《异秉》在《雨花》发表。1996年12月，在中国作家协会第五次全国代表大会上被推选为顾问。1997年5月16日上午10点30分因病医治无效去世，享年77岁。有关汪曾祺旅游景区：汪曾祺纪念馆、汪曾祺文学馆、汪曾祺故居。
韩寒,,,,,中国,上海市松江二中,汉族,1982年9月23日,,作家，导演，赛车手,,上海市金山区亭林镇,《三重门》，《毒》，《零下一度》，《就这么漂来漂去》，《后会无期‍‍‍‍》，《乘风破浪》，《天空制造》,"妻子：金丽华
女儿：韩小野
父亲：韩仁均
好友：慕容雪村，路金波，徐静蕾",韩寒，1982年9月23日出生于上海市金山区亭林镇，中国作家、导演、职业赛车手。1999年，他以《杯中窥人》一文获得首届全国新概念作文比赛一等奖。2000年，在上高一的韩寒退学，后出版首部长篇小说《三重门》。2001年，他出版文集《零下一度》，该书获得当年全国图书畅销排行榜第一名。2002年，他出版小说《像少年啦飞驰》。2003开始职业赛车生涯。2004年3月，他出版文集《韩寒五年》。2005年开通博客，开始博客写作。2006年9月，发行个人首张唱片书《寒·十八禁》。2009年，他主编《独唱团》。2010年，韩寒登上美国《时代周刊》封面。2011年，他出版杂文集《青春》。2012年6月，韩寒发布了APP阅读应用“ONE·一个”。2013年，他出版《一个：很高兴见到你》。2014年7月导演的《后会无期》在中国内地上映。2015年担任青春电影《沙漏》的监制。2017年1月28日，韩寒编剧并执导的第二部电影《乘风破浪》上映。
王鼎钧,Wang，Ding，Jun,,,,,,汉族,1925年,,文学家,,山东省临沂市兰陵县兰陵镇,《那树》,,王鼎钧，当代著名华文文学大师，山东省临沂市兰陵县兰陵镇人，一生阅历丰富，文思不俗，勤奋不懈。1949年去台湾，1978年后移居美国纽约。
张晓风,Xiaofeng，Zhang,晓风，桑科，可叵,,,中国,台湾东吴大学,汉族,1941年,,作家,,浙江金华,《地毯的那一端》，《愁乡石》，《你还没有爱过》，《初雪》，《白手帕》，《红手帕》，《春之怀古》,,张晓风，1941年出生于浙江金华，祖籍江苏铜山，是中国台湾著名散文家。毕业于台湾东吴大学，并曾执教于该大学及香港浸会学院，现任台湾阳明医学院教授。2012年作为亲民党候选人当选台湾地区第八届“立法委员”。
刘心武,,刘浏，赵壮汉,,,中国,北京师范专科学校中文系,汉,1942年6月4日,,著名作家，红学研究家,,四川省成都市,《班主任》，《钟鼓楼》，《刘心武揭秘红楼梦》，《飘窗》,,刘心武，1942年6月4日出生，中国当代著名作家、红学研究家。笔名刘浏、赵壮汉等。曾任中学教师、出版社编辑、《人民文学》主编、中国作协理事、全国青联委员等，并加入国际笔会中国中心。其作品以关注现实为特征，以《班主任》而闻名文坛，其长篇小说《钟鼓楼》曾获得茅盾文学奖。20世纪90年代后，成为《红楼梦》的积极研究者，曾在中央电视台《百家讲坛》栏目进行系列讲座，对红学在民间的普及与发展起到促进作用。2014年推出最新长篇小说《飘窗》。
陈染,,,,,中国,北京师范大学分校,汉族,1962年,,诗人，小说家,,北京,《私人生活》,,陈染，女，1962年生于北京。幼年学习音乐。18岁兴趣转向文学。23岁大学毕业，获文学学士。曾在北京做过四年半的大学中文系教师，后调入作家出版社做编辑。曾在澳洲墨尔本英国伦敦大学、爱丁堡大学等旅居生活和讲学。现居北京。中国作家协会会员。
韩春旭,,,,,中国,,汉族,,,致公党成员，作家,,北京,《背对命运的独白》,,韩春旭，北京人。致公党成员。大学文化。《工人日报》编辑，主任编辑。中国致公党北京市委常委，北京市东城区政协常委。1974年开始发表作品。1990年加入中国作家协会。著有短篇小说集《背对命运的独白》，散文集《唯美散步》、《生命之约》、《我的精神》，对话集《明天》等。获第二届冰心散文奖。
刘以鬯,,刘同绎,,,中国,上海圣约翰大学,汉族,1918年12月7日,2018年6月8日,新闻人，作家,,上海,《刘以鬯中篇小说选》，《对倒》,,刘以鬯，原名刘同绎，字昌年。出生于上海，祖籍浙江镇海。主编过《国民公报》、《香港时报》、《星岛周报》、《西点》等报刊杂志。曾获香港特别行政区政府颁授荣誉勋章。刘以鬯一直致力于严肃文学的创作，其著名小说《对倒》，引发香港导演王家卫拍摄成电影《花样年华》。代表作品有小说《酒徒》《对倒》《寺内》《打错了》《岛与半岛》《他有一把锋利的小刀》《模型·邮票·陶瓷》等；评论《端木蕻良论》《看树看林》等。《刘以鬯中篇小说选》和《对倒》分别获第四届和第六届香港中文文学双年奖小说组推荐奖。2014年获香港艺术发展终身成就奖。2018年6月8日下午2点25分，刘以鬯在香港东华东院逝世，享年99岁。
谌容,,德容,,,中国,北京外国语大学,汉族,1936年10月3日,,作家，编剧,,湖北省武汉市汉口镇,《人到中年》，《太子村的秘密》，《喜剧明星》,"丈夫：范荣康
女儿：梁欢
儿子：梁左，梁天
外孙子：英如镝
女婿：英达
儿媳：孙凤英",谌容，原名德容，1936年10月3日出生于湖北省武汉市汉口镇，祖籍重庆市巫山县，中国内地女作家、编剧，毕业于北京外国语大学。1975年，出版个人首部长篇小说《万年青》。1980年，发表中篇小说《人到中年》，该小说获得中国作家协会第一届全国优秀中篇小说一等奖。1982年，担任剧情电影《人到中年》的编剧，她凭借该片获得第5届小百花奖优秀编剧奖。1983年，由其创作的中短篇小说集《太子村的秘密》出版，该小说获得中国作家协会第二届全国优秀中篇小说奖。1986年，由其创作的中短篇小说集《错、错、错！》出版。1990年，担任剧情电影《喜剧明星》的编剧。1994年，出版散文随笔《中年苦短——谌容随笔》。
冯至,Feng，zhi,冯承植,,,中国,北京大学德文系，德国海德堡大学,,1905年9月17日,1993年2月22日,翻译家,,河北省涿州市,《昨日之歌》，《伍子胥》，《十四行集》，《山水》,同门：曹禺,冯至，原名冯承植，直隶涿州人，冯家为天津著名盐商，盐引在直隶涿州，八国联军侵华后避难于涿州，故生于涿州。曾就读于北京四中。1923年加入林如稷的文学团体浅草社。1925年和杨晦、陈翔鹤、陈炜谟等成立沉钟社，出版《沉钟》周刊，半月刊和《沉钟丛刊》。1930年留学德国先后就读柏林大学、海德堡大学，1935年获得海德堡大学哲学博士学位。1936年至1939年任教于同济大学。曾任中国社会科学院外国文学研究所所长。
陈映真,,陈永善，许南村,,,中国,淡江英专,,1937年11月8日,2016年11月22日,作家,,台湾省台北县莺歌镇,《山路》，《铃铛花》，《夜行货车》，《将军族》，《华盛顿大楼》，《上班族的一日》，《云》,,陈映真，男，1937年11月8日生， 2016年11月22日在北京病逝。知名作家。原名陈永善，笔名许南村，台湾省台北县莺歌镇人。1957年高中毕业后考取淡江英专英语系，1961年毕业。1959年陈映真以第一篇小说《面摊》进入文坛。创办《人间》杂志的知名作家陈映真，于 2016年11月22日在北京病逝，享年79岁。
胡风,,张光人，张光莹,,,中国,东京庆应大学，清华大学,汉,1902年,1985年,文学,,湖北省蕲春县蕲州镇下石潭村,《文艺笔谈》,"妻子：梅志
女儿：张晓风",胡风，男，原名张光人，笔名谷非、高荒、张果等。湖北蕲春人。现代文艺理论家、诗人、文学翻译家。1920年起就读于武昌和南京的中学。1929年到日本东京，进庆应大学英文科。1933年被驱逐出境。1934年与青年作家梅志结婚。1949年起任中国文联委员、中国作家协会理事、第一届全国人大代表。其间写有抒情长诗《时间开始了》，特写集《和新人物在一起》，杂文短记《从源头到洪流》等。1953－1954年，任《人民文学》编委、中国作家协会主席团成员。
贾平凹,,贾平娃,,,中国,西北大学中文系,汉族,1953年2月21日,,作家,,陕西省商洛市丹凤县棣花镇,《商州》，《浮躁》，《废都》，《白夜》，《秦腔》，《古炉》,好友：三毛,贾平凹，男，汉族，1953年2月21日生于陕西省商洛市丹凤县棣花镇，中共党员，毕业于西北大学中文系，当代作家，十三届全国人大代表。1974年开始发表作品。1975年毕业于西北大学中文系。1978年凭借《满月儿》，获得首届全国优秀短篇小说奖。1982年发表作品《鬼城》《二月杏》。1992年创刊《美文》。1993年创作《废都》。2003年，先后担任西安建筑科技大学人文学院院长、文学院院长。2008年凭借《秦腔》，获得第七届茅盾文学奖。2011年凭借《古炉》 ，获得施耐庵文学奖 。
金敬迈,,,,,中国,,汉,1930年8月17日,,,,江苏省南京市,《欧阳海之歌》,,金敬迈，江苏南京人。中共党员。1949年参加解放军，曾任中南军区军械学校文工团团员，广州军区战士话剧团演员、创作员，军区政治部创作组创作员。
柯云路,,鲍国路,,,中华人民共和国,北京市一零一中学,汉族,1946年11月13日,,作家,,上海,《新星》，《曹操与献帝》，《芙蓉国》，《人类时间》，《婚恋潜规则》,,柯云路，男，汉族，原名鲍国路，中国著名作家之一。他的人生最大爱好有三个，分别是：哲学，科学，文学。在文学领域，著有长篇小说《新星》《曹操与献帝》《芙蓉国》等二十余部，并多次引起轰动。在文学之外，著有文化人类学专著《人类时间》，历史研究专著《极端十年》，心理学专著《焦虑症患者》、《破译疾病密码》、《走出心灵的地狱》、《工作禅二十四式》，《破译命运密码》，教育学著作《中国孩子成功法》、婚恋研究专著《婚恋潜规则》等，皆受到读者欢迎。最新出版：政治军事历史小说《曹操与献帝》。
流沙河,,,,,中国,四川大学,汉族,1931年11月11日,,诗人，作家，学者，书法家,,四川成都,《流沙河诗集》，《故园六咏》，《蟋蟀国》,,流沙河，诗人，作家，学者，书法家。生于1931年，原名余勋坦，祖籍四川金堂。1949年秋入四川大学农化系，立志从文。1950年到《川西农民报》任副刊编辑。1952年调四川省文联，先任创作员，后任四川《群众编辑》、《星星》诗刊编辑。1957年因《草木篇》被毛泽东点名划为右派，留成都做多种劳役，劳余攻读古籍，1966年押回老家，锯木六年，钉箱六年，监管劳役前后共二十年。1979年调回四川省文联，任《星星》诗刊编辑。1985年起专职写作。主要作品有《流沙河诗集》、《故园别》、《游踪》，《台湾诗人十二家》、《隔海谈诗》、《台湾中年诗人十二家》、《流沙河诗话》，《锯齿啮痕录》，《庄子现代版》，《流沙河随笔》、《Y先生语录》、《流沙河短文》、《流沙河近作》、《再说龙及其他》、《晚窗偷读》等。诗作《就是那一只蟋蟀》《理想》被中学语文课本收录。
莫言,Mo，Yan,管谟业,,,中国,北京师范大学，国防大学军事文化学院,汉族,1955年2月17日,,作家,,山东省高密市东北乡文化发展区大栏平安村,《红高粱家族》，《檀香刑》，《丰乳肥臀》，《生死疲劳》，《蛙》,"妻子：杜勤兰
女儿：管笑笑
父亲：管贻范",莫言，原名管谟业，1955年2月17日出生于山东省高密市东北乡文化发展区大栏平安村，中国作家协会副主席、2012年诺贝尔文学奖获得者，亦是第一个获得诺贝尔文学奖的中国籍作家。1981年开始发表作品《春夜雨霏霏》，1984年因《透明的红萝卜》而一举成名。1986年，在《人民文学》杂志发表中篇小说《红高粱家族》引起文坛极大轰动。1987年担任电影《红高粱》编剧，该片获得了第38届柏林国际电影节金熊奖。2011年凭借小说《蛙》获得茅盾文学奖。2012年获得诺贝尔文学奖。获奖理由是：通过幻觉现实主义将民间故事、历史与当代社会融合在一起。2013年担任网络文学大学名誉校长。2014年12月，获颁香港中文大学荣誉文学博士学位。2016年12月，当选中国作家协会第九届全国委员会副主席。2017年11月，莫言获香港浸会大学荣誉文学博士学位。同年12月，凭借作品《天下太平》，获“2017汪曾祺华语小说奖”中的短篇小说奖。莫言因一系列乡土作品充满“怀乡”“怨乡”的复杂情感，被称为“寻根文学”作家。据不完全统计，莫言的作品至少已经被翻译成40种语言。
沙叶新,,,,,中国,华东师范大学,回族,1939年,2018年7月26日,剧作家,,,《边疆新苗》,,沙叶新，回族，中共党员，江苏南京人。生前系国家一级编剧，中国戏剧家协会常务理事，中国戏剧家协会创作委员会副主任，中国作家协会会员，上海戏剧家协会副主席，上海作家协会理事，上海市文学艺术界联合会委员。2018年7月26号，剧作家沙叶新去世，享年79岁。
邵燕祥,,,,,中国,华北大学,汉族,1933年6月10日,,诗人,,北京,《到远方去》，《在远方》,,邵燕祥，当代诗人，1933年6月10日出生于北京一个职员家庭。1945年夏天，从小学进入中学。邵燕祥的处女作是1946年4月发表在报纸上的一篇杂文《由口舌说起》，批评了习于飞短流长的社会现象。1953年加入中国共产党。建国后，历任中央人民广播电台编辑、记者，《诗刊》副主编，中国作协第三、四届理事。著有诗集《到远方去》、《在远方》、《迟开的花》，有《邵燕祥抒情长诗集》。
王朝闻,,王昭文，汶石，廖化，席斯珂,,,中国,成都艺专，杭州国立艺专,汉族,1909年,2004年,雕塑家，文艺理论家，美学家,,四川合江县,《浮雕毛泽东像》，《圆雕刘胡兰像》,学生：黄美尧,王朝闻，别名王昭文，后取《论语·里仁》中“朝闻道，夕死可矣”语义，更名王朝闻。笔名汶石、廖化、席斯珂，雕塑家、文艺理论家、美学家。卓越的文艺理论家、美学家、雕塑家，艺术教育家，新中国马克思主义文艺理论和美学的开拓者与奠基人之一。
魏明伦,,,,,,,,1941年,,作家,,四川省内江市,,,魏明伦，四川内江人，四川文化艺术学院公共管理系系主任，当代著名戏剧家、辞赋作家。国家一级编剧。被誉为巴蜀鬼才。历任四川省自贡市川剧团演员、编剧，全国政协委员，中国剧协副主席，四川省作协副主席。著有杂文集《巴山鬼话》，电影文学剧本《四川好人》等。
闻一多,,亦多，友山，闻家骅,字友三,,中国,清华大学,汉,1899年11月24日,1946年7月15日,文学家，现代诗人,,湖北省蕲水县,《红烛》，《死水》,"妻子：高孝贞
女儿：闻铭
儿子：闻立鹏，闻立雕，闻立鹤
战友：李公朴",闻一多，本名闻家骅，字友三，生于湖北省黄冈市浠水县，中国现代伟大的爱国主义者，坚定的民主战士，中国民主同盟早期领导人，中国共产党的挚友，新月派代表诗人和学者。1912年考入清华大学留美预备学校。1916年开始在《清华周刊》上发表系列读书笔记。1925年3月在美国留学期间创作《七子之歌》。1928年1月出版第二部诗集《死水》。1932年闻一多离开青岛，回到母校清华大学任中文系教授。1946年7月15日在云南昆明被国民党特务暗杀。
吴祖光,,吴召石，吴韶,,,中国,北京孔德学校,汉族,1917年4月21日,2003年4月9日,现代著名剧作家，导演,,北京东城,《风雪夜归人》,"妻子：新凤霞
女儿：吴霜
前妻：吕恩
弟弟：吴祖强
战友：苗可秀",吴祖光，当代中国影响最大、最著名、最具传奇色彩的文化老人之一，江苏常州人，著名学者、戏剧家、书法家、社会活动家。主要代表作有话剧《凤凰城》《正气歌》《风雪夜归人》《闯江湖》，评剧《花为媒》，京剧《三打陶三春》和导演的电影《梅兰芳的舞台艺术》、《程砚秋的舞台艺术》，并有《吴祖光选集》六卷本行世。
杨绛,,杨季康,,,中国,东吴大学，清华大学,汉,1911年7月17日,2016年5月25日,翻译家，文学家，戏剧家,,北京,《干校六记》，《洗澡》，《我们仨》,"丈夫：钱钟书
女儿：钱瑗
父亲：杨荫杭",杨绛，本名杨季康，江苏无锡人，中国女作家、文学翻译家和外国文学研究家，钱锺书夫人。杨绛通晓英语、法语、西班牙语，由她翻译的《唐·吉诃德》被公认为最优秀的翻译佳作，到2014年已累计发行70多万册；她早年创作的剧本《称心如意》，被搬上舞台长达六十多年，2014年还在公演；杨绛93岁出版散文随笔《我们仨》，风靡海内外，再版达一百多万册，96岁出版哲理散文集《走到人生边上》，102岁出版250万字的《杨绛文集》八卷。2016年5月25日，杨绛逝世，享年105岁。
周国平,Guoping，Zhou,,,,中华人民共和国,北京大学,汉族,1945年7月25日,,学者，作家，哲学家,,上海市,《人与永恒》，《周国平人生哲思录》，《善良丰富高贵》，《守望的距离》,"妻子：郭红
同学：郭世英",周国平，中国社会科学院哲学研究所研究员，中国当代著名学者、作家、哲学研究者，是中国研究哲学家尼采的著名学者之一。1945年生于上海，1967年毕业于北京大学哲学系，1981年毕业于中国社会科学院研究生院哲学系。著有：《尼采：在世纪的转折点上》《尼采与形而上学》，散文集《守望的距离》《各自的朝圣路》《安静》《善良丰富高贵》，纪实作品《妞妞：一个父亲的札记》《岁月与性情——我的心灵自传》《偶尔远行》《宝贝，宝贝》，随感集《人与永恒》《风中的纸屑》《碎句与短章》，诗集《忧伤的情欲》，以及《人生哲思录》《周国平人文讲演录》等，译有《尼采美学文选》《尼采诗集》《偶像的黄昏》等。
安意如,,张莉,,,中国,安徽某中专院校,汉族,1984年6月20日,,作家,,安徽绩溪,《人生若只如初见》，《当时只道是寻常》，《思无邪》，《看张爱玲画语》,,安意如，原名张莉，1984年6月20日出生于安徽绩溪，现代作家。2002年毕业于安徽某中专院校。2005年9月，出版传记文学《看张爱玲画语》。2006年8月，出版文学随笔《人生若只如初见》和《当时只道是寻常》。2006年10月，出版文学随笔《思无邪——诗三百》。2009年8月出版新书《美人何处》。2012年12月出版《再见故宫》，多处抄袭或改编歌手河图所唱歌曲的歌词。
张贤亮,,,,,中国,,汉族,1936年12月,2014年9月27日,作家，企业家,,南京,《绿化树》，《男人的一半是女人》，《灵与肉》,,张贤亮，男，国家一级作家、收藏家、书法家。1936年生于南京，祖籍江苏盱眙县。代表作：《灵与肉》、《绿化树》、《男人的一半是女人》等，立体文学作品：镇北堡西部影城、老银川一条街。早在50年代初读中学时即开始文学创作，1955年从北京移居宁夏，先当农民后任教员。1957年在“反右运动”中因发表诗歌《大风歌》被划为“右派分子”，押送农场“劳动改造” 长达22年。1979年中共十一届三中全会后平反恢复名誉，重新执笔后创作小说、散文、评论、电影剧本，成为中国当代重要作家之一。曾任宁夏回族自治区文联副主席、主席，中国作家协会宁夏分会主席等职，并任六届政协全国委员会委员，中国作协主席团委员。2014年9月27日，著名作家张贤亮因病医治无效去世，享年78岁。
刘湛秋,,,,,,,,1935年,,当代著名诗人，翻译家，评论家,,,,,刘湛秋，男，1935年出生，安徽芜湖人，当代著名诗人，翻译家，评论家，《诗刊》前副主编，中国散文诗学会副会长。其作品清新空灵，富有现代意识，手法新颖洒脱，立足表现感觉与情绪，既面对生活，又超越时空。早在八十年代中期，他就被一代大学生誉为“抒情诗之王。”他结集出版有诗歌、散文、评论、翻译、小说等三十余种，其诗集《无题抒情诗》获过中国新诗奖。他译的《普希金抒情诗选》《叶赛宁抒情诗选》为广大读者喜爱，并一度成为畅销书。
田间,,童天鉴,,,,,,1916,,著名诗人,,,,搭档：石祥,田间 ，原名童天鉴，安徽省无为县开城镇羊山人，著名诗人。田间的诗形式多样，信天游、新格律体、自由体都有尝试。在新诗的民族化、大众化方面，他作过一些探索，以平朴的描述和激昂的呼唤形成了明快质朴的风格。其诗作《假使我们不去打仗》传遍全国，被闻一多称为“擂鼓诗人”、“时代的鼓手”。
谢冕,,谢鱼梁,,,中国,北京大学,汉族,1932年1月6日,,教授,,福建省福州市,,,谢冕，福建福州人，1932年生，文艺评论家、诗人、作家，北京作家协会副主席，中国当代文学研究会副会长，中国作家协会全国委员会名誉委员，《诗探索》杂志主编。
顾毓琇,,,,,中国,美国麻省理工学院,汉族,1902年12月,2002年09月09日,科学家，教育家，诗人，戏剧家，音乐家，佛学家,,江苏无锡,《四次方程通解法》，《芝兰与茉莉》，《国殇》，《蕉舍吟草》，《中国禅宗史》,表妹：钱正英,顾毓琇，字一樵，江苏无锡人。集科学家、教育家、诗人、戏剧家、音乐家和佛学家于一身，中国电机、无线电和航空教育的奠基人之一。顾毓琇学贯中西、博古通今，是中国近代史上杰出的文理大师。1923年自清华学校毕业后赴美留学，1928年毕业于美国麻省理工学院，是该校第一位获得科学博士学位的中国人。他是清华大学工学院以及国立音乐院、上海市立实验戏剧学校的创始人。曾任国立中央大学校长、国立政治大学校长、美国麻省理工学院教授、宾夕法尼亚大学终身教授和荣誉退休教授。他也是钱伟长、吴健雄、曹禺、江泽民等人的老师。
韩素音,Elisabeth，Comber，Rosalie，Elisabeth，Kuanghu，Chow,周月宾，周光瑚,,,英国,燕京大学，布鲁塞尔自由大学,汉,1917.9.12,2012.11.2,作家，社会活动家,,河南信阳,《瑰宝》，《无鸟的夏天》，《再生凤凰》，《等到早晨来临》,,韩素音，原名周月宾，谱名周光瑚。著名英籍华裔女作家，社会活动家。1917年9月12日，韩素音生于河南信阳，祖籍广东五华县。曾先后在燕京大学和比利时布鲁塞尔自由大学学习。1952年，韩素音用英文创作的自传小说《瑰宝》在西方世界引起轰动，奠定了她在国际文坛上的地位。她的主要作品取材于20世纪中国生活和历史，体裁有小说和自传。20世纪80年代以来，她的作品陆续被翻译介绍成中文等17国文字。
费孝通,FEI，XIAOTONG,,,,中华人民共和国,燕京大学，清华大学，伦敦大学,汉族,1910年11月2日,2005年4月24日,社会学家,,苏州市吴江区,《文化论》，《人文类型》，《江村经济》，《乡土中国》,"前妻：王同惠
老师：马林诺夫斯基
同门：瞿同祖
师友：吴文藻",费孝通，江苏吴江人，著名社会学家、人类学家、民族学家、社会活动家，中国社会学和人类学的奠基人之一，第七、八届全国人民代表大会常务委员会副委员长，中国人民政治协商会议第六届全国委员会副主席。1928年考入东吴大学医预科，1938年获得伦敦大学经济政治学院博士学位，1944年加入民盟，1982年被选为伦敦大学经济政治学院院士，1988年获联合国大英百科全书奖 。费孝通从事社会学、人类学研究，写下了数百万字的著作。费孝通在其导师马林诺夫斯基指导下完成了博士论文《江村经济》，该书被誉为“人类学实地调查和理论工作发展中的一个里程碑”，成为国际人类学界的经典之作。费孝通先后对中国黄河三角洲、长江三角洲、珠江三角洲等进行实地调查，提出既符合当地实际，又具有全局意义的重要发展思路与具体策略。同时，开始进行一生学术工作的总结，提出并阐述了“文化自觉”的重大命题，并出版有《行行重行行》、《学术自述与反思》、《从实求知录》等著作，被誉为中国社会学和人类学的奠基人之一。
于坚,,,,,中国,云南大学中文系,,1954年8月8日,,文学，诗人,,云南昆明,《0档案》，《飞行》,,于坚，男，1954年8月8日，出生于昆明。云南师范大学文学院任教。80年代成名，为“第三代诗歌”的代表性人物，强调口语写作的重要性。
严歌苓,,,,,美国,鲁迅文学院哥伦比亚艺术学院,汉,1958年11月16日,,当代中文作家，好莱坞专业编剧,,上海,《陆犯焉识》，《金陵十三钗》，《小姨多鹤》，《寄居者》，《铁梨花》,"父亲：萧马
继母：俞平",严歌苓，1958年11月16日出生于上海，美籍华人作家、好莱坞专业编剧。作品以中、英双语创作小说，常被翻译成法、荷、西、日等多国文字。其作品无论是对于东、西方文化魅力的独特阐释，还是对社会底层人物、边缘人物的关怀以及对历史的重新评价，都折射出复杂的人性，哲思和批判意识。多年的沉淀和积累，直接和间接的经历与经验都成为了她的创作“矿藏”，甚至她和劳伦斯被美国联邦调查局“搅局”的爱情故事也写成了长篇小说《无出路咖啡馆》。张艾嘉执导影片《少女小渔》原作者，张艺谋新执导影片《金陵十三钗》原作者，《天浴》、《梅兰芳》 原作者及编剧，《小姨多鹤》等多部小说改编为热播电视剧。曾获华裔美国图书馆协会“小说金奖”、亚太国际电影节最佳编剧奖，台湾电影金马奖最佳编剧奖。
九把刀,GiddensKo,柯景腾,,,中国,台湾国立交通大学,汉族,1978年8月25日,,小说家，导演,,台湾省彰化县,《那些年，我们一起追的女孩》，《功夫》，《杀手》，《少林寺第八铜人》，《都市恐怖病系列》,"妻子：周亭羽
好友：赖雅妍
搭档：柯震东",九把刀，本名柯景腾，1978年8月25日出生于台湾省彰化县，台湾网络作家、导演。“九把刀”，原本是柯景腾读高中时写的一首歌，因歌词和旋律简单而且容易上口被唱。但并没有因此而变成一个绰号。直到柯景腾在陈建宏化学补习班补习时，有位同学传了一张上面写着黄色笑话并署名九把刀的纸条给讲师。当陈建宏询问谁是九把刀时，教室内的所有人都指着柯景腾就是九把刀。从此，称呼柯景腾为九把刀。他著有言情，恐怖，超能力等多种类别的作品。主要代表作品有《那些年，我们一起追的女孩》、《功夫》、《杀手》、《少林寺第八铜人》等。其《等一个人咖啡》在 2013年“中国好书”评选活动中获奖。2017年12月5日，与周亭羽到大安区公所登记结婚。
二月河,,凌解放,,,中国,,汉族,1945年11月3日,2018年12月15日,作家,,山西省昔阳县,《康熙大帝》，《雍正皇帝》，《乾隆皇帝》,,二月河，原名凌解放，出生于山西昔阳，南阳作家群代表人物，郑州大学文学院院长。河南省优秀专家，历史小说作家，中国作家协会会员，享受政府特殊津贴。十二届全国人大代表。二月河因其笔下五百万字的“帝王系列”：《康熙大帝》《雍正皇帝》《乾隆皇帝》三部作品，被他称为“落霞三部曲”，被海内外读者熟知，2006年版税收入至少1200万元人民币，为该年度中国作家的第二名。二月河1967年高中毕业，1968年入伍，在部队历任战士、宣传干事、连副指导员。1978年转业，任南阳市卧龙区宣传部科长、区文联主席，1995年当选为南阳市文联副主席，被誉为“南阳的形象大使和文化名片”。2017年当选河南省籍十九大代表。 2018年12月15日凌晨，二月河病逝于北京，享年73岁。
从维熙,Weixi，Cong,,,,中国,河北师范学校,汉族,1933年,,作家，学者,,河北玉田,《大墙下的红玉兰》，《远去的白帆》,,从维熙是河北玉田人。中国当代作家。主要作品有中篇小说《大墙下的红玉兰》、《远去的白帆》、《风泪眼》，长篇小说《北国草》、《走向混沌》等。
何建明,,,,,中国,,汉族,1956年,,作家,,江苏常熟,《共和国告急》，《落泪是金》，《国家行动》，《部长与国家》,,何建明，男，汉族，生于1956年，江苏苏州人。全国劳动模范。新时期最重要的报告文学作家之一。七获全国优秀报告文学奖，其中三获鲁迅文学奖、三获正泰杯报告文学奖、四获徐迟报告文学奖、五获中宣部五个一工程奖。现任中国作协副主席、党组成员、书记处书记，中国作家出版集团党委书记、管委会主任，中国报告文学学会会长，茅盾文学院院长。
严文井,,严文锦,,,中国,,,1915年,2005年7月20日,作家，散文家，著名儿童文学家,,,《南南和胡子伯伯》，《丁丁的一次奇怪旅行》，《下次开船港》,,严文井，原名严文锦。湖北武昌人。现代作家、散文家、著名儿童文学家。著有《南南和胡子伯伯》、《丁丁的一次奇怪旅行》等。中共党员。1935年到北平图书馆工作，1938年赴延安，历任延安鲁艺文学系教师，《东北日报》副总编辑，中宣部文艺处处长，中国作家协会党组副书记书记处常务书记，《人民文学》主编，人民文学出版社社长、总编辑。人民文学出版社编审委员会委员，国际儿童读物联盟中国分会主任，中国作家协会主席团委员、儿童文学委员会主任，第五届全国人民代表，全国第五、六、七届政协委员。1932年开始发表作品。
何其芳,,何永芳,,,中国,北京大学哲学系,汉族,1912年2月5日,1977年7月24日,诗人，散文家，文学评论家，文学研究家,,四川万县,《画梦录》，《生活是多么广阔》，《夜歌和白天的歌》,,何其芳，1912年2月5日生于重庆万州，现代诗人、散文家、文学评论家。1935年于北京大学哲学系毕业。1938年，到延安鲁迅艺术学院任教，同年加入中国共产党，为革命文艺作了大量拓荒工作。同年，发表作品《生活是多么广阔》《我为少男少女们歌唱》。何其芳曾任中国文学艺术界联合会委员，中国作家协会理事和书记处书记，中国社会科学院文学研究所所长等职，当选为第一、二、三届全国政协委员，第三届全国人大代表。1977年7月24日，因病医治无效在北京逝世，享年65岁。
仓央嘉措,,六世达赖喇嘛，罗桑仁钦仓央嘉措,,中国清朝,,,门巴族,1683年,1706年,,,藏南宇松地区邬坚岭,《仓央嘉措情歌》，《十诫诗》,,仓央嘉措，门巴族，六世达赖喇嘛，法名罗桑仁钦仓央嘉措，西藏历史上著名的诗人、政治人物。康熙二十二年仓央嘉措生于西藏南部门隅纳拉山下宇松地区乌坚林村的一户农奴家庭，父亲扎西丹增，母亲次旺拉姆。家中世代信奉宁玛派佛教。康熙三十六年被当时的西藏摄政王第巴·桑结嘉措认定为五世达赖的转世灵童，同年在桑结嘉措的主持下在布达拉宫举行了坐床典礼。康熙四十四年被废，据传在康熙四十五年的押解途中圆寂。仓央嘉措是西藏最具代表的民歌诗人，写了很多细腻真挚的诗歌，其中最为经典的是拉萨藏文木刻版《仓央嘉措情歌》。概述图片来源
倪匡,,倪聪,,,中国,华东人民革命大学第三期,汉族,1935年5月30日,,作家,,上海,《蓝血人》，《六指琴魔》，《独臂刀》,"儿子：倪震
妹妹：亦舒
儿媳：周慧敏
好友：古龙",倪匡，原名倪聪，字亦明，1935年5月30日出生于上海，籍贯浙江宁波，著名小说家，与金庸、黄沾和蔡澜并称为“香港四大才子”。1957年到香港，作过工人、校对、编辑，自学成才，成为专业作家。他写作面十分广阔，众体皆备，小说则包括侦探、科幻、神怪、武侠、言情各种。写作速度也十分惊人，每小时可写八千字，曾同时为12家报纸写连载。武侠小说以《六指琴魔》为代表， 想象奇特，也曾在金庸出国期间代写《天龙八部》连载。
何申,,,,,中国,河北大学,汉,1951年,,作家,,天津,,,中共党员，著名作家。1951年出生于天津，毕业于河北大学中文系，全国第九届人大代表，中国作家协会全国委员会委员，河北省作家协会副主席。
万振环,,,,,中国,广州中山大学,汉,1939年,,作家，编辑,,广东五华,《喋血东江》，《攀登》，《风流大词家柳永》,,万振环，1939年出生于广东五华，毕业于广州中山大学中文系，中共党员，《羊城晚报》文艺部副主任，主任编辑，中国作家协会会员。著有长篇小说《喋血东江》等，长篇报告文学《华海涛声》等，散文集《寻觅芳踪》、《我与孙犁的深情厚谊》等。作品曾获广东省第三届儿童文学优秀作品奖、广东省第二届秦牧散文奖等奖项。
伊始,,鲁庆彪,,,,海口市第一中学,,1948,,作家,,,《黑三点》，《男人地带》，《落草集》,,伊始（1948～)原名鲁庆彪。祖籍浙江钱塘，生于海南清澜。中共党员。1968年毕业于海口市第一中学。中国作家协会会员。
乔叶,,,,,中国,,汉,1972年,,,,河南省修武县,,,乔叶，女，河南省修武县人，出生于上世纪七十年代，河南省文学院专业作家。中国作家协会员。河南作协副主席。鲁迅文学院高研班第三期学员。中国作协第九届全委会委员。创作十余年来，出版散文集八部，长篇小说一部，中短篇小说若干。获首届河南省文学奖及第三届河南省文学艺术成果奖青年鼓励奖。乔叶1993年开始发表文学作品。1996年加入河南省作家协会，2001年加入中国作家协会，河南省文学院专业作家。 中国作协会员。鲁迅文学院高研班第三期学员。是我国现代专业作家。河南省作家协会副主席。总体看来，乔叶的文学创作大致可分为两个部分：一，散文创作。二，小说创作。出版散文集《孤独的纸灯笼》《坐在我的左边》《自己的观音》《薄冰之舞》《在喜欢和爱之间》《迎着灰尘跳舞》《我们的翅膀店》等，出版长篇小说《我是真的热爱你》。获首届河南省文学奖及第三届河南省文学艺术成果奖青年鼓励奖。
深雪,Zita，Law,罗颖思,,,中国,香港大学历史系,汉族,8月14日,,作家,,香港,《第8号当铺》，《死神首曲》，《玫瑰奴隸王》，《人生拍賣會》,,深雪，被称为&quot;香港新生代女作家&quot;、&quot;小说魔术师&quot;、&quot;新世代爱情魔女&quot;等，小说以悬疑诡谲、虚无飘渺的风格见长，充满魔幻感和想象力。深雪现已出版著作六十多部作品，并在《太阳报》、《明报》、《苹果日报》、《花溪》等多家知名报纸、杂志辟有专栏。
张小娴,Amy，Cheung，Siu，Han,,,,中国,香港浸会学院,,1967年11月3日,,作家,,香港,《面包树上的女人》，《荷包里的单人床》,搭档：杨诚俊,张小娴，1967年11月3日出生于香港，香港女作家，阿里文学签约作者。毕业于香港浸会大学。1993年为《明报》撰写“娴言娴语”专栏文章。1994年于《明报》连载《面包树上的女人》而出名。1993年为《明报》撰写“娴言娴语”专栏文章。1997年5月出版的《荷包里的单人床》进入香港畅销书排行榜首。1998年创办香港第一本本土女性杂志《AMY》，任总编辑至2008年。2005年她的《Channel A》系列中的《那年的梦想》改编成22集时尚都市情感剧《如果月亮有眼睛》，成为第一部被搬上荧屏的作品。2013年8月，推出爱情主题书《你终将爱我》；张小娴位列2013年第八届作家富豪榜第六名。2014年4月，张小娴推出散文集《那些为你无眠的夜晚》。2015年推出长篇小说《致遗忘了我的你》，散文集《你会想念你自己吗》。2017年9月，推出散文集《请至少爱一个像男人的男人》。
梁羽生,,陈文统,,,中国,广东岭南大学,汉族,1924年3月22日,2009年1月22日,作家,,广西蒙山,《萍踪侠影录》，《女帝奇英传》，《云海玉弓缘》，《七剑下天山》，《白发魔女传》,父亲：陈信玉,梁羽生，原名陈文统，中国著名武侠小说家，与金庸、古龙并称为中国武侠小说三大宗师，被誉为新派武侠小说的开山祖师。在上世纪六七十年代，他和金庸共同扛起了新派武侠小说的大旗，梁羽生摒弃了旧派武侠小说一味复仇与嗜杀的倾向，将侠行建立在正义、尊严、爱民的基础上，提出“以侠胜武”的理念。梁羽生为人正派，创作了三十余部武侠佳作，开创了新派武侠小说的先河。2009年1月22日，梁羽生因病在悉尼去世，享年85岁。代表作品有《白发魔女传》《七剑下天山》《萍踪侠影录》《云海玉弓缘》等。在评价自己的武侠创作地位时，梁羽生曾说：“开风气也，梁羽生；发扬光大者，金庸。另有笔名陈鲁、冯瑜宁、梁慧如、李夫人、冯显华、幻萍、佟硕之、凤雏生。
古龙,,熊耀华,,,中国,台湾淡江大学,汉族,1938年6月7日,1985年9月21日,文学家,,香港,《小李飞刀》，《楚留香传奇》，《陆小凤传奇》，《绝代双骄》，《英雄无泪》，《大旗英雄传》，《萧十一郎》，《边城浪子》,"儿子：郑小龙
好友：倪匡，杨钧钧",古龙，原名熊耀华，籍贯江西，汉族。1938年6月7日生于香港。著名武侠小说家，新派武侠小说泰斗，与金庸、梁羽生并称为中国武侠小说三大宗师。代表作有《多情剑客无情剑》、《绝代双骄》、《英雄无泪》等。古龙把武侠小说引入了经典文学的殿堂，将戏剧、推理、诗歌等元素带入传统武侠，又将自己独特的人生哲学融入其中，使中外经典镕铸一炉，开创了近代武侠小说新纪元，将武侠文学推上了一个新的高峰。1985年9月21日，因肝硬化、静脉出血，古龙在台湾去世，终年48岁。
柳苏,,,,,中国,,,,,,,,《乡韵》，《炊烟深处》,,柳苏，1969年开始发表作品，至今有百万字的作品面世，被选入《中国当代散文精选》、《精短散文一百篇》等多种版本，并被《散文选刊》等权威选刊选载。
黄易,,黄祖强,,,中国,香港中文大学,汉,1952年,2017年4月5日,作家,,中国香港,《寻秦记》，《大唐双龙传》，《边荒传说》，《云梦城之谜》，《封神记》,,黄易，1952年出生于香港，毕业于香港中文大学，中国香港作家。求学期间专攻传统中国绘画，1989年辞去工作，隐居大屿山专心从事创作。2017年4月5日中风，于医院病逝，享年65岁。
张竞生,,,,,中国,法国巴黎大学，法国里昂大学,汉,1888年2月20日,1970年5月4日,学者,,广东省饶平县浮滨镇大榕铺村,《性史》，《美的人生观》，《美的社会组织法》,,张竞生，原名张江流、张公室，广东饶平人，民国第一批留洋博士。二十世纪二三十年代中国思想文化界的风云人物，是哲学家、美学家、性学家、文学家和教育家。1921至1926年任北京大学哲学系教授，在大学课堂讲授“逻辑学”和“美治”思想；他在中国最早提出和确立风俗学；最早翻译卢梭的《忏悔录》；最早发表人体裸体研究论文；率先提出计划生育。2014年张竞生的著作《性史》再次出版。
杨红樱,,樱桃,,,中国,,汉族,1962年5月12日,,作家，老师,,四川省成都市,《女生日记》，《男生日记》，《淘气包马小跳系列》,,杨红樱，女，四川成都人。四川省作协副主席，1982年就职于成都某杂志社。18岁开始当小学老师，19岁开始童话创作。1998年加入中国作家协会。2010第五届中国作家富豪榜首富。中国作家协会第九届全国委员会委员。杨红樱的作品《女生日记》的章节被选进了中国小学语文试验教材，《男生日记》获2003全国优秀畅销书奖，国家教育部指定的中小学图书馆必备书，《漂亮老师和坏小子》获2004年全国优秀畅销书奖，并入选“中国新世纪教育文库·小学生阅读推荐书目100种”等。曾获“冰心儿童图书奖”，“海峡两岸童话一等奖”等十余个奖项。
史铁生,,,,,中华人民共和国,清华大学附属中学,汉族,1951年01月04日,2010年12月31日,作家,,北京市东城区,《我与地坛》，《务虚笔记》，《病隙碎笔》,妻子：陈希米,史铁生，中国作家、散文家。1951年出生于北京。1967年毕业于清华大学附属中学，1969年去延安一带插队。因双腿瘫痪于1972年回到北京。后来又患肾病并发展到尿毒症，靠着每周3次透析维持生命。后历任中国作家协会全国委员会委员，北京作家协会副主席，中国残疾人联合会副主席。自称职业是生病，业余在写作。2010年12月31日凌晨3时46分因突发脑溢血逝世，享年59岁。  2018年1月《史铁生全集》由北京出版社出版发行，全集共350万字，按体裁分为各类小说、散文随笔、剧本诗歌、书信、访谈等12卷。10月18日根据史铁生小说《关于詹牧师的报告文学》改编的话剧《酗酒者莫非》在北京上演，该剧由波兰戏剧导演克里斯蒂安·陆帕执导。
刘勇,,格非,,,中华人民共和国,华东师范大学,汉族,1964年,,作家，教授,,江苏丹徒,《格非文集》，《褐色鸟群》，《塞壬的歌声》，《春尽江南》，《望春风》,,刘勇，男，笔名“格非”，生于1964年，江苏镇江丹徒人。1981年考入上海华东师范大学中文系，毕业后留校任教，先锋文学代表作家之一。2000年获文学博士学位，并于同年调入清华大学中文系。现为中国作家协会会员、清华大学中文系教授。著有《格非文集》、《欲望的旗帜》、《塞壬的歌声》、《小说叙事面面观》、《小说讲稿》等。他的中篇小说《褐色鸟群》曾被视为当代中国最玄奥的一篇小说，是人们谈论“先锋文学”时必提的作品。
韩少功,,艄公，少功,,,中国,湖南师范大学,,1953年,,作家,,中国湖南,《月兰》，《马桥词典》，《山南水北》，《日夜书》，《革命后记》,,韩少功，1953年出生于湖南长沙，祖籍湖南澧县。著名作家。曾获境内外奖项：1980年、1981年全国优秀短篇小说奖；2002年法国文化部颁发的“法兰西文艺骑士奖章”；2007年第五届华语文学传媒大奖之“杰出作家奖”；第四届鲁迅文学奖；美国第二届纽曼华语文学奖等。作品分别以十多种外国文字共三十多种在境外出版。另有译作《生命中不能承受之轻》、《惶然录》等数种出版。曾任第一届、二届海南省政协常委，第三届省人大代表，第三届海南省文联主席、省文联作协党组成员、书记。2011年卸任以上职务。现兼职中国作协主席团委员、全委会委员，海南省文联名誉主席，湖南师范大学“潇湘学者“讲座教授。
安妮宝贝,,庆山，励婕,,,中国,,汉族,1974年7月11日,,作家，金融，广告，编辑,,浙江宁波,《蔷薇岛屿》，《清醒纪》，《莲花》，《春宴》，《得未曾有》,好友：慕容雪村,安妮宝贝，浙江宁波人，中国作家富豪榜上榜作家。早前曾在银行、广告公司、文学网站、杂志社任职。出版长篇小说、短篇小说集、摄影图文集、随笔集等各种著作。2014年6月“安妮宝贝”发微博证明自己笔名改为“庆山”，随后并署名出版了最新散文集《得未曾有》。主要作品有：《告别薇安》《八月未央》《蔷薇岛屿》《素年锦时》《春宴》《得未曾有》等。
七堇年,,,,,中国,香港浸会大学,汉族,1986年10月5日,,作家,,四川泸州,《被窝是青春的坟墓》，《少年残像》，《大地之灯》，《澜本嫁衣》，《平生欢》,,七堇年，1986年10月5日生于四川泸州，原名赵勤，中国作家。七堇年2002署名发表《被窝是青春的坟墓》并入围第六届新概念作文大赛，开始崭露头角。2006年，她在二十岁的时候完成第一部长篇小说《大地之灯》，并于2007年首次出版，获得瞩目。2008年出版第二部长篇小说《澜本嫁衣》 ；其后有《被窝是青春的坟墓》、《尘曲》等文集出版、再版。2010年荣获第九届华语文学传媒大奖最具潜力新人奖；2013年，第三部长篇小说《平生欢》问世。2014年获紫金·人民文学之星长篇小说奖。逾十年来，七堇年的写作不断趋于成熟，以风格独特的洗丽文笔著称。2014年起逐步开始涉及编剧、翻译等领域，2015年主编岸口系列第一辑《近在远方》，翻译爱尔兰作家克莱尔·吉根的短篇小说《寄养》，出版文集《灯下尘》。
李国文,,,,,中国,南京戏剧专科学校，华北革命大学,汉族,1930年8月24日,,作家,,中国上海,《月食》，《危楼纪事》,,李国文，中国作家协会专业作家。男 ，原籍江苏省盐城市，1930年8月24日生于上海。汉族，中共党员。1949年毕业于南京戏剧专科学校理论编剧专业。中国作家协会第四届理事。
张抗抗,,,,,中华人民共和国,黑龙江省艺术学校编剧专业,汉族,1950年7月3日,,当代作家,,中国杭州,《夏》，《北极光》，《隐形伴侣》，《赤彤丹朱》,丈夫：姜戎,张抗抗，女，1950年7月3日生，浙江杭州市人，1966年杭州市第一中学初中毕业。1969年赴北大荒农场上山下乡，在农场劳动、工作8年。1977年考入黑龙江省艺术学校编剧专业，1979年调入黑龙江省作家协会，从事专业文学创作至今。现为一级作家、黑龙江省作家协会名誉主席，第七、八届中国作家协会副主席，中国文字著作权保护协会副会长、国际笔会中国笔会中心副会长，第十届、十一届、十二届全国政协委员。2009年被聘为国务院参事。已发表小说、散文共计600余万字，出版各类文学专著80余种。代表作：长篇小说《隐形伴侣》《赤彤丹朱》《情爱画廊》《作女》《张抗抗自选集》5卷等。曾获“全国优秀短篇小说奖”、“优秀中篇小说奖”、“庄重文文学奖”、“第二届全国鲁迅文学奖”、 三次蝉联“中国女性文学奖”、多次获“东北文学奖”、“黑龙江省文艺大奖”“精品工程奖”，曾获“黑龙江省德艺双馨奖”、“第十二届中国人口文化小说金奖”、“第二届蒲松龄短篇小说奖”，以及全国各类报刊、杂志奖。 2014年获“中国版权事业卓越成就奖”。有多部作品被翻译成英、法、德、日、俄文，并在海外出版。
陈晓明,,,,,中国,中国社会科学院研究生院,汉族,1959年2月,,北京大学教授,,,《无边的挑战——中国先锋文学的后现代性》，《中国当代文学主潮》,,陈晓明，男，1959年2月生，福建人，文学博士，北京大学中文系主任、教授，博士生导师，教育部长江学者。中国文艺理论学会副会长，中国当代文学研究会副会长，主要研究方向为中国现当代文学和后现代文学理论批评等。著有专著二十多部，发表论文评论近四百篇。主要著作有：《无边的挑战——中国先锋文学的后现代性》，《解构的踪迹：历史、话语与主体》、《不死的纯文学》，《德里达的底线——解构的要义与新人文学的到来》、《中国当代文学主潮》、《守望剩余的文学性》等。曾获“华语传媒文学大奖  ”2002年度评论家奖，2007年度鲁迅文学奖理论评论奖，2014年获腾讯首届文学大奖年度批评家奖等奖项。《中国当代文学主潮》获2010年度北京市哲学社会科学二等奖；《德里达的底线》2011年获第北京大学十一届人文社科优秀成果奖一等奖，获2012年第六届高等学校科学研究优秀成果三等奖。中国民主同盟第十二届中央委员，北京政协委员，民盟中央文化专业委员会副主任，中国文学理论学会副会长，中国当代文学研究会副会长等职。《中华英才》杂志称其为“领军后现代”。
盛可以,Sheng，Keyi,,,,中国,,汉族,上世纪七十年代,,作家,,湖南益阳,《北妹》，《死亡赋格》，《野蛮生长》,,20世纪70年代出生于湖南益阳，1994年定定居深圳。2002年开始小说创作。代表作有《北妹》、《水乳》、《道德颂》、《死亡赋格》、《野蛮生长》、《锦灰》、《留一个房间给你用》等。作品被译成英、法、德等多种文字出版发行。曾获多种文学奖项。她的作品语言风格猛烈，热衷声音实验，涵盖情感和社会领域，以敏锐观察和冷酷书写而著称。
余秀华,Yu，xiuhua,,,,中国,石牌镇贺集中学,汉族,1976年,,诗人，农民,,湖北省钟祥市,《月光落在左手上》，《摇摇晃晃的人间》，《我们爱过又忘记》，《无端欢喜》,,余秀华，1976年生于湖北省钟祥市石牌镇横店村，诗人。余秀华因出生时倒产、缺氧而造成脑瘫，使其行动不便，说起话来口齿不清。高中毕业后，余秀华赋闲在家；2009年，余秀华正式开始写诗；2014年11月，《诗刊》发表其诗作；2015年1月，广西师范大学出版社为其出版诗集《月光落在左手上》；同年2月，湖南文艺出版社为其出版诗集《摇摇晃晃的人间》。2015年1月28日，余秀华当选湖北省钟祥市作家协会副主席。2016年5月15日，余秀华的第三本诗集《我们爱过又忘记》在北京单向空间首发。2018年6月，出版散文集《无端欢喜》。2016年11月1日，在湘阴县举行的我国第三届“农民文学奖”颁奖典礼上，余秀华获得了“农民文学奖”特别奖，并获得了10万元奖金和诗一样的颁奖词。截至2015年1月，余秀华已写了2000多首诗。2018年12月6日，诗歌集《摇摇晃晃的人间》获第七届湖北文学奖。2019年1月，推出首部自传体小说集《且在人间》。
韩东,,,,,,,,1961年5月,,诗人作家,,南京,,,韩东，著名诗人作家，1961年5月生于南京。8岁随父母下放苏北农村，1982年毕业于山东大学哲学系。历任西安陕西财经学院教师，南京审计学院教师，1992年辞职成为自由写作者，受聘于广东省作家协会为合同制作家，后转聘于深圳尼克艺术公司，为职业作家。江苏省作家协会理事。1980年开始发表作品。1990年加入中国作家协会。
须一瓜,,徐平,,,,,,,,记者,,,《厦门晚报》,,须一瓜，生于上世纪60年代，《厦门晚报》政法记者，主要作品有小说集《淡绿色的月亮》、《蛇宫》、《你是我公元前的熟人》、《提拉米苏》，长篇小说《太阳黑子》以及在2011年6月新作《保姆大人》。
戈麦,,褚福军,,,中国,北京大学,,1967年,1991年9月,诗人,,黑龙江,《戈麦诗全编》,,戈麦，原名褚福军，祖籍山东巨野，1967年生于黑龙江省萝北县宝泉岭农场，1985年考入北京大学中文系。 有北大”校园诗人”之称。1991年9月24日自沉于北京西郊万泉河，时年仅二十四岁。
南帆,,张帆,,,中国,华东师范大学中文系研究生班,,1957年,,文学，作家,,,《文学的维度》，《星空与植物》，《叩访感觉》,,南帆，1957年出生于福建省福州市。本名张帆。1975年下乡插队，1982年毕业于厦门大学，1984年研究生毕业于华东师范大学，1984年至福建社会科学院文学研究所工作，现为福建社会科学院院长。九届全国人民代表大会代表，第十、十一届全国政协常委，福建省政协副主席。中国民主促进会成员。
张悦然,,,,,中国,新加坡国立大学,汉族,1982.11.07,,作家，当代女作家,,山东济南,《陶之陨》，《黑猫不睡》，《誓鸟》,,张悦然，1982年11月7日出生于山东济南，中国当代女作家。中国作家协会第九届全国委员会委员。14岁时开始发表作品，其作《陶之陨》、《黑猫不睡》等作品在《萌芽》杂志发表后，在青少年文坛引起巨大反响，并被《新华文摘》等多家报刊转载。其写作文风被赋予思维和才情。至今已出版小说作品有：《葵花走失在1890》、《张悦然十爱》、《樱桃之远》、《水仙已乘鲤鱼去》、《誓鸟》、《红鞋》、《是你来检阅我的忧伤了吗》、《昼若夜房间》、《月圆之夜及其他》，主编主题书《鲤》系列等。现为中国人民大学文学院讲师，并于2013年9月开设短篇小说鉴赏全校选修课。2017年12月，凭借作品《大乔小乔》，获“2017汪曾祺华语小说奖”中的中篇小说奖。
白先勇,Pai，Hsien-yung,,,,中国,台湾大学，美国艾奥瓦大学,回族,1937年7月11日,,作家，昆曲制作人,,广西桂林,《台北人》，《游园惊梦》，《纽约客》，《青春版牡丹亭》，《孽子》，《蓦然回首》,"父亲：白崇禧
母亲：马佩璋
堂妹：白韵琴",白先勇，回族，中国台湾当代著名作家，生于广西桂林。中国国民党高级将领白崇禧之子，毕业于台湾大学、美国爱荷华大学。现任香港中文大学博文讲座教授、香港中文大学“昆曲研究推广计划”荣誉主任。白先勇7岁时，经医诊断患有肺结核，不能上学。1956年在建国中学毕业，1965年，取得爱荷华大学硕士学位后，白先勇到加州大学圣塔芭芭拉分校教授中国语文及文学，并从此在那里定居。他在1994年退休。著有短篇小说集《台北人》《寂寞的十七岁》《纽约客》等，长篇小说《孽子》，散文集《蓦然回首》《第六只手指》《树犹如此》等，以及舞台剧《游园惊梦》。其中《台北人》入选20世纪中文小说100强。2018年，获得上海白玉兰戏剧表演艺术终身成就奖和第五届郁达夫小说奖“短篇小说奖”。
牛汉,,史承汉，史成汉,,,中国,西北大学,蒙古族,1923年10月2日,2013年9月29日,诗人，作家,,山西定襄,《鄂尔多斯的草原》，《彩色的生活》，《萤火集》,,牛汉，本名原为“史承汉”，后改为“史成汉”，又名“牛汉”，曾用笔名“谷风”，山西省定襄县人，蒙古族。现代著名诗人、文学家和作家，“七月”派代表诗人之一。1940年开始发表文学作品，主要写诗，近20年来同时写散文。曾任《新文学史料》主编、《中国》执行副主编，中国作家协会全国名誉委员、中国诗歌学会副会长。他创作的《悼念一棵枫树》《华南虎》《半棵树》等诗广为传诵，曾出版《牛汉诗文集》等。牛汉于2013年9月29日7时30分在北京家中病逝，享年89岁。他的追悼会在10月9日上午在八宝山举行，11月29日上午，人民文学出版社在京为其举行追思会。
阿来,,,,,中华人民共和国,马尔康师范学校,藏族,1959年,,作家,,四川省阿坝州马尔康县,《尘埃落定》，《空山》，《格萨尔王》，《瞻对》，《蘑菇圈》,,阿来，1959年生于四川省马尔康县，当代作家，全国人大代表，2009年3月，当选四川省作协主席，兼任中国作协第八届全国委员会主席团委员。其主要作品有诗集《棱磨河》，小说集《旧年的血迹》《月光下的银匠》，长篇小说《尘埃落定》《空山》《格萨尔王》，散文《大地的阶梯》等。1982年开始诗歌创作，80年代中后期转向小说创作。2000年，其第一部长篇小说《尘埃落定》获第5届茅盾文学奖，为该奖项有史以来最年轻得奖者及首位得奖藏族作家。2018年，作品《蘑菇圈》获第七届鲁迅文学奖中篇小说奖。他由此成为四川文学史上首位获得茅奖、鲁奖的双冠王。2019年2月17日，编剧电影《攀登者》已经开拍。
毕飞宇,,,,,中国,扬州师范学院,汉族,1964年1月,,作家，教授,,江苏省兴化市,《那个男孩是我》，《青衣》，《平原》，《慌乱的指头》，《推拿》,,毕飞宇，男，汉族，无党派人士，1964年1月出生，江苏兴化人。1987年毕业于扬州师范学院中文系，当代作家、南京大学教授、江苏省作家协会副主席。中国作协第九届全委会委员。获文学学士学位，20世纪80年代中期开始小说创作，作品曾被译成多国文字在国外出版。2018年12月7日，出版的江苏省委机关报《新华日报》，对江苏改革开放40周年先进集体和先进个人拟命名对象进行了公示。毕飞宇在其中。
蒋韵,,,,,中国,太原师范专科学校中文系,汉族,1954年3月,,作家,,山西太原,《隐秘盛开》，《栎树的囚徒》，《红殇》,女儿：笛安,蒋韵，女，1954年3月生于太原，作家、学者，籍贯河南开封。1981年毕业于太原师范专科学校中文系。1979年开始发表文学作品，迄今已出版、发表小说、散文随笔等近300万字。主要作品有：长篇小说《隐秘盛开》、《栎树的囚徒》、《红殇》、《闪烁在你的枝头》、《我的内陆》以及小说集《现场逃逸》、《失传的游戏》、《完美的旅行》和散文随笔集《春天看罗丹》《悠长的邂逅》等。
冯唐,,张海鹏,,,中国,"协和医科大学,，Emory，University",汉,1971年,,诗人，作家，医生，商人,,北京,《欢喜》，《十八岁给我一个姑娘》，《万物生长》，《北京北京》，《不二》,好友：柴静,冯唐，男，原名张海鹏，1971年生于北京，金牛座。诗人、作家、医生、商人、古器物爱好者，2013第八届中国作家富豪榜上榜作家。
李师江,,,,,中国,北京师范大学,,1974,,,,福建宁德,《逍遥游》,,男，1974年生于福建宁德，1997年毕业于北京师范大学。目前居住北京，专职写作。在台湾出版《比爱情更假》《肉》《她们都挺棒的》等四部作品，内地出版长篇小说《逍遥游》，获得2006年华语文学传媒大奖。2007年推出长篇力作《福寿春》。有部分作品被译为英、法、日等语言行畅海外。《像曹操一样活着》是其第一部历史作品。
,,张录山赛义德，张承志,,,中国,北京大学，中国社会科学院研究生院,回族,1948年,,作家,,北京,《黑骏马》，《北方的河》，《心灵史》,,张承志，回族。中国当代最具影响力的作家之一，中学时代是红卫兵先锋，“红卫兵”这个名称就源自他当时的笔名“红卫士”。1948年生于北京，1968年到内蒙古插队，1975年毕业于北京大学历史系考古专业，1978年进入中国社会科学院研究生院民族系，1981年毕业获得历史学硕士学位，精通英语、日语、西班牙语、阿拉伯语，对蒙古语、满语、哈萨克语亦有了解。他1978年开始发表作品，早年的作品带有浪漫主义色彩，语言充满诗意，洋溢着青春热情的理想主义气息。后来的作品转向伊斯兰教题材，引起过不少争议。代表作有《北方的河》、《黑骏马》、《心灵史》等。已出版各类著作30余种。
郑小琼,,,,,中国,,汉族,1980年,,作家,,四川南充,《诗刊》，《山花》，《诗选刊》，《星星》,,郑小琼，女，1980年生，2001年来东莞打工并写诗，有多篇诗歌散文发表于《诗刊》《山花》《诗选刊》《星星》《天涯》《散文选刊》等报刊，作品多次入选年度最佳等选本，曾参加第三届全国散文诗笔会、诗刊第二十一届青春诗会。获得“利群*人民文学奖”、庄重文文学奖等多项大奖，与韩寒、邢荣勤、春树等一同入选“中国80后作家实力榜”。
李约热,,吴小刚,,,中国,,壮族,1967.08,,,,广西,,,李约热，男，1967年8月出生，壮族，广西都安县人，本名吴小刚，李约热为其笔名。中共党员，大专文化程度。他的《戈达尔活在我们中间》、《涂满油漆的村庄》、《青牛》、《李壮回家》获得中国国内一系列大奖。他本人也获得《北京文学·中篇小说月报》2007年度最具潜力新人奖，他还曾入围“华语文学传媒盛典·2005年最具潜力新人奖”等。
杨克,,,,,中国,,汉,1957年,,诗人，作家,,广西,《杨克诗歌集》，《90年代实力诗人诗选》,,杨克，男，1957年生，广西人，著名诗人。现任广东省作家协会副主席，国家一级作家，编审。中国“第三代实力派诗人”，“民间写作”代表性诗人之一。在《人民文学》《诗刊》《中国作家》《世界文学》《上海文学》《花城》《当代》《大家》《青年文学》《天涯》《作家》《山花》等大陆有影响的报刊发表了大量诗歌、评论、散文及小说作品，还在《他们》《非非》《一行》等民刊以及海外报刊和网络发表作品。
章德宁,,黎早,,,中国,,汉族,1952,,作家,,,,好友：章立凡,北京人。中共党员。大学毕业。1976年参加工作，历任《北京文学》编辑部小说编辑、小说组组长及编辑部副主任、副主编、社长、执行副主编，副编审职称。80年代开始发表作品。1999年加入中国作家协会。
王剑冰,,,,,中国,河南大学,汉,,,,,河北省唐山市,,,王剑冰，男，河北省唐山市人，毕业于河南大学，中共党员，专业作家，国务院政府特殊津贴专家，河南省作家协会副主席，河南省文艺评论家协会副主席，河南省散文学会会长，中外散文诗协会副主席，全国鲁迅文学奖二、三、四届评委。曾任《散文选刊》副主编、主编。已出版散文集《苍茫》《蓝色的回响》《有缘伴你》《绝版的周庄》《喧嚣中的足迹》《普者黑的灵魂》《王剑冰精短散文》及诗集《日月贝》《欢乐在孤独的那边》、文学理论集《散文时代》和长篇小说《卡格博雪峰》等多部。有多篇散文在全国各地被刻碑铭记，并入选中学考题和教材。
温瑞安,,舒侠舞，王山而，项飞梦，温晚，柳眉色，风玲草，温凉玉,,,马来西亚,台湾大学,汉族,1954年01月01日,,作家,,马来西亚霹雳州,《神州奇侠》，《四大名捕》,,温瑞安，1954年1月1日出生于马来西亚霹雳州，台湾大学中文系肄业。港台武侠小说作家，也是新武侠四大宗师之一，马来西亚华侨，香港户籍。1973年赴台湾留学，1976年其创立的社团遭检举“为匪宣传”，拘留3个月后，被台湾政府驱逐出境。1981年抵香港发展，1990年转至中国大陆。笔名有温凉玉、舒侠舞、王山而、项飞梦、温晚、柳眉色、风玲草等。其代表作《四大名捕》等被多家电视公司多次改编。其耳熟能详的作品《逆水寒》、《少年无情》等。2016年3月25日法院认定，玩蟹公司构成侵权，应消除影响、赔偿温瑞安经济损失及合理费用80万元。
卧龙生,,牛鹤亭，臥龍生,,,,,,1930年,1997年,武侠小说作家,,河南省镇平县,《金剑雕翎》，《飞燕惊龙》，《飞花逐月》，《仙鹤神针》，《天剑绝刀》,,卧龙生本名牛鹤亭，河南镇平人，1930年生。幼年从军失学，但自幼喜读武侠小说，颇有才思。台湾武侠“四大天王”及“三剑客”之一，在古龙之前被称为“武侠泰斗”。1930年生于河南南阳市镇平县。少年时就读于卧龙书院，后投身文学，遂以此为笔名。1955年由军中退役，闲来无事，在友人怂恿下开始学写武侠小说。1957年以祖居南阳卧龙岗取笔名“卧龙生”一炮打响。1958年发表第一部武侠小说，1959 年《飞燕惊龙》出世，便奠定了他在台湾的“武侠泰斗”地位。他的作品，早期是取法于旧武侠“北派五大家”，而以“通俗趣味”大受欢迎；1965年以后，改走“半传统半新潮” 路线，作品却渐不如前。至今已写了39部武侠小说。 卧龙生早在六十年代就是台湾的“武侠泰斗”，名列“台湾十大武侠小说家”之首。其代表作有《飞燕惊龙》、《玉钗盟》、《无名萧》、《金剑雕翎》、《岳小钗》、《仙鹤神针》等。
赵树理,,赵树礼,,,中国,山西省立长治第四师范学院,汉族,1906年9月24日,1970年9月23日,小说家,,山西省晋城市沁水县尉迟村,《小二黑结婚》，《灵泉洞》，《三里湾》，《李有才板话》,,赵树理，原名赵树礼，山西晋城市沁水县尉迟村人，现代小说家、人民艺术家，山药蛋派创始人。曾任《曲艺》《人民文学》编委、中国共产党第八次代表大会代表，全国人民代表大会第一、二、三届代表。1906年9月24日出生在山西省晋城市沁水县的一个贫苦农民家庭，1925年夏考入山西省立长治第四师范，开始写新诗和小说。1937年加入中国共产党，投身革命。解放后先后在《工人日报》《说说唱唱》《曲艺》《人民文学》等刊物工作，1964年回山西晋城工作。文革期间遭到残酷迫害，于1970年9月23日含冤去世。他的小说多以华北农村为背景，反映农村社会的变迁和存在其间的矛盾斗争，塑造农村各式人物的形象，开创的文学“山药蛋派”，成为新中国文学史上最重要、最有影响的文学流派之一。
王小波,,,,,中国,美国匹兹堡大学东亚研究中心,汉,1952年5月13日,1997年4月11日,学者，作家,,北京,《黄金时代》，《白银时代》，《青铜时代》，《黑铁时代》，《沉默的大多数》，《红拂夜奔》，《万寿寺》，《我的精神家园》，《战福》,妻子：李银河,王小波，中国当代学者、作家。代表作品有《黄金时代》、《白银时代》、《青铜时代》、《黑铁时代》等。1952年5月13日，王小波出生于北京。他先后当过知青、民办教师、工人。1978年考入中国人民大学，1980年王小波与李银河结婚，同年发表处女作《地久天长》。1984年赴美匹兹堡大学东亚研究中心求学，2年后获得硕士学位。在美留学期间，游历了美国各地，并利用1986年暑假游历了西欧诸国。1988年回国，先后在北京大学，中国人民大学任教。1992年9月辞去教职，做自由撰稿人。他的唯一一部电影剧本《东宫西宫》获阿根廷国际电影节最佳编剧奖，并且入围1997年戛纳国际电影节。1997年4月11日病逝于北京，年仅45岁。
王安忆,,,,,中国,,汉,1954年3月,,中国作协副主席，复旦大学教授,,南京,《长恨歌》，《小鲍庄》，《流逝》,"父亲：王啸平
母亲：茹志娟，茹志鹃",王安忆，1954年3月生于江苏南京，原籍福建省同安县，当代作家、文学家。1972年，考入徐州文工团工作。1976年发表散文处女作《向前进》。1981年初与李章结婚。1987年调上海作家协会创作室从事专业创作。1996年发表个人代表作《长恨歌》，获得第五届茅盾文学奖。2004年《发廊情话》获第三届鲁迅文学优秀短篇小说奖。2013年获法兰西文学艺术骑士勋章。现为中国作协副主席、上海市作家协会主席，复旦大学教授。2017年12月，凭借作品《向西，向西，向南》获“2017汪曾祺华语小说奖”中的中篇小说奖。2018年5月20日，王安忆凭借《向西，向西，向南》荣获“首届汪曾祺华语小说奖”中篇小说奖。2018年10月，《向西，向西，向南》 获得第五届郁达夫小说奖“中篇小说奖”。
何顿,,何斌,,,中国,湖南师范大学,汉族,,,作家,,,《就这么回事》,,何顿原名何斌，湖南郴州人。原名何斌，长沙市人，下过乡，读过大学，当过美术教师，干过装修等，现为长沙市文联创作室专业作家，中国作家协会会员。主要作品有《就这么回事》、《我们像葵花》、《生活无罪》、《清清的河水蓝蓝的天》等。被评论界视为“新生代”和“新现实主义”的代表作家之一；部分作品被国外翻译出版。
琼瑶,琼瑶,陈喆,,,中国,台北第二女子中学,汉族,1938年4月20日,,作家，编剧,,四川省成都市,《窗外》，《几度夕阳红》，《庭院深深》，《还珠格格》，《梅花烙》，《一帘幽梦》，《烟雨濛濛》，《水云间》,"丈夫：平鑫涛
父亲：陈致平
母亲：袁行恕
儿媳：何琇琼
姨妈：袁静
搭档：张睿，孙耀琦",琼瑶，本名陈喆，生于四川成都，中国当代作家、编剧、影视制作人，中国电影文学学会会员。祖籍湖南省衡阳县渣江镇，毕业于台北市立中山女中。笔名除琼瑶外，还曾用过凤凰、心如。琼瑶创作小说主要代表作有《窗外》、《潮声》、《水云间》、《一帘幽梦》、《心有千千结》、《梅花烙》、《海鸥飞处彩云飞》和《彩霞满天》等。1949年，琼瑶随父陈致平由大陆到台湾生活。其后步入职业作家行列，并相继进入电影、电视剧制作行业。琼瑶16岁时以心如为笔名发表小说《云影》，25岁时出版了第一部短篇小说集《窗外》。琼瑶创作的小说作品大多已被改编成电影或电视剧，其中较为闻名的包括《庭院深深》、《梅花三弄》系列、《还珠格格》系列等。
桐华,,,,,中国,北京大学,汉族,1980年10月18日,,作家，影视策划人,,陕西汉中,《步步惊心》，《大漠谣》，《云中歌》，《那片星空那片海》，《散落星河的记忆》,,桐华，本名任海燕，1980年10月18日出生于陕西汉中，中国女作家、影视策划人，毕业于北京大学。2005年，创作第一部清穿宫廷小说《步步惊心》。2006年，创作第二部长篇爱情小说《大漠谣》，并改编成古装剧《风中奇缘》。2008年，出版第三部长篇古装小说《云中歌》。2009年，出版首部都市爱情小说《被时光掩埋的秘密》，并改编成都市情感剧《最美的时光》。2010年，出版校园小说《那些回不去的年少时光》。2013年，首次参与策划古装爱情轻喜剧《金玉良缘》。2014年，推出都市情感小说《半暖时光》。2015年，策划现代都市浪漫偶像剧《放弃我，抓紧我》。2016年，监制现代偶像玄幻剧《那片星空那片海》。2017年，推出科幻爱情小说《散落星河的记忆》。
周梅森,,,,,中国,,,1956年3月9日,,作家，编剧,,江苏徐州,《人间正道》，《中国制造》，《绝对权力》，《国家公诉》,,周梅森，中国当代作家、编剧，1956年3月9日出生于江苏省徐州市。中国作家协会主席团委员、江苏省作家协会副主席。中国作家协会第九届全国委员会委员。1963年入江苏徐州贾汪新韩小学读书。1969年起在徐州矿务局干部学校附中读书四年，后在徐州韩桥煤矿当矿工。1978年在《新华日报》发表处女作《家庭新话》。1979年到南京《青春》编辑部任编辑。1985年任江苏省作协创作组专业作家。主要作品有《人间正道》、《中国制造》、《绝对权力》、《至高利益》、《国家公诉》、《我主沉浮》、《人民的名义》等政治小说，这些小说均被其亲自改编成影视剧。其作品多次荣获国家图书奖、全国五个一工程奖、全国优秀畅销书奖、中国电视飞天奖、中国电视金鹰奖等。
郑义,,,,,中国,,汉,,,作家,,重庆,,,郑义原名郑光召。生于重庆，祖籍四川省双流县。现旅居国外。中国作家协会会员，中国作家协会山西分会专业作家，是《黄河》的主编。
张一弓,,,,,中国,开封高中,汉,1934年12月,2016年1月9日,作家,,河南开封,《犯人李铜钟的故事》，《张铁匠的罗曼史》,,张一弓，1934年生，河南省新野县人。中共党员。1950年肄业于开封高中。历任《河南大众报》记者、编辑、编辑组长，《河南日报》记者、文艺组负责编辑、理论处处长、革委会副主任兼党的核心小组副组长，中共河南省委办公厅副主任，登封县文化馆副馆长，河南省文联创作员，河南省作家协会副主席、主席、名誉主席，文学创作一级。中国作家协会第四届理事、第五届全国委员会委员，河南省第七届政协委员。1956年开始发表作品。1980年加入中国作家协会。
周克芹,,,,,中国,成都农业技术学校,汉族,1936年10月28日,1990年8月5日,作家，编剧,,四川省简阳县,《许茂和他的女儿们》，《山月不知心里事》，《勿忘草》,,周克芹，本名周克勤，中共党员，四川乡土文学作家，是中国当代文学史上最重要的作家之一，被誉为是“中国新时期文学的一座丰碑”。他的小说直面人生，以农民为题材，影响了后来一批作家。1936年10月28日，周克芹出生于四川省简阳县农村，1958年毕业于成都农业技术学校。代表作有《许茂和他的女儿们》、《勿忘草》、《山月不知心里事》 等。1958年从农校毕业后回乡务农，先后当过农民、民校教师、生产队长、大队会计、农业技术员、公社和区干部。1963年发表第一篇短篇小说；1979年调入四川省文联从事专业创作；1980年加入中国作家协会，同年出版长篇小说《许茂和他的女儿们》，该作品1982年获首届茅盾文学奖，而且位列榜首；短篇小说《勿忘草》、《山月不知心里事》分别获1980年和1981年全国优秀短篇小说奖。历任全国政协委员、中国作家协会理事、四川省作家协会党组副书记、常务副主席、《现代作家》主编。1990年8月5日在成都病逝。周克芹是一位以自己的情感和灵魂拥抱社会生活的优秀作家，先后被欧洲欧罗巴出版公司列入《国际名人录》；英国剑桥大学出版社列入《世界名人录》和《世界著名作家传略》。
李欧梵,Leo，Lee,,,,中国,国立台湾大学，哈佛大学,,1942年10月10日,,教授，作家，文化评论员,,河南太康,《铁屋中的呐喊》，《西潮的彼岸》，《上海摩登》，《狐狸洞话语》，《浪漫与偏见》,"父亲：李永刚
岳母：聂华苓
老师：夏志清",李欧梵，国际知名文化研究学者，著名教授、作家、文化评论员，现任香港中文大学讲座教授、哈佛大学荣休教授，中央研究院院士、香港人文学院创院院士、香港科技大学人文荣誉博士。李欧梵生于河南太康，毕业于台湾大学外文系，期间曾与同学白先勇等人创办《现代文学》杂志。其后负笈美国哈佛大学攻读中国思想史，师从史华慈和费正清等大师，获颁博士学位。李欧梵主要研究领域包括现代文学及文化研究、现代小说和中国电影，其散文及评论常见于《亚洲周刊》、《信报》、《明报月刊》及《瞄》。
汪国真,,,,,中国,暨南大学中文系,汉,1956年6月22日,2015年4月26日,诗人，书画家，作曲家,,北京,《年轻的潮》，《年轻的思绪》，《热爱生命》，《雨的随想》,,汪国真，男，1956年6月22日生于北京，当代诗人、书画家。1982年毕业于暨南大学中文系。1984年发表第一首比较有影响的诗《我微笑着走向生活》。1985年起将业余时间集中于诗歌创作，期间一首打油诗《学校一天》刊登在《中国青年报》上。1990年开始，汪国真担任《辽宁青年》、《中国青年》、《女友》的专栏撰稿人，掀起一股“汪国真热”。2015年4月26日凌晨两点十分，汪国真去世，享年59岁。4月30日，遗体告别仪式在北京八宝山殡仪馆举行。
孙犁,,孙芸夫，芸夫，孙树勋,,,中国,保定育德中学,汉族,1913年5月11日,2002年7月11日,作家,,河北省衡水市安平县孙遥城村,《荷花淀》，《芦花荡》,,孙犁，原名孙树勋，河北省衡水市安平人，现当代著名小说家、散文家，“荷花淀派”的创始人，又先后担任过《平原杂志》《天津日报》文艺副刊、《文艺通讯》等报刊的编辑，并著有关于编辑的作品。12岁开始接受新文学，受鲁迅和文学研究会影响很大。&quot;孙犁&quot;是他参加抗日战争后于1938年开始使用的笔名。1942年加入中国共产党。建国后，历任中国作家协会天津分会副主席、主席，天津市文联名誉主席，中国作家协会第一至三届理事、作协顾问，中国文联第四届委员。
舒婷,,龚佩瑜,,,中国,,汉族,1952年7月28日,,作家,,福建龙海市石码镇,《舒婷文集》,,舒婷，原名龚佩瑜，女，汉族，1952年5月生，福建晋江人。中国当代女诗人，朦胧诗派的代表人物。从小随父母定居于厦门，1969年下乡插队，1972年返城当工人，1979年开始发表诗歌作品，1980年至福建省文联工作，从事专业写作。
茹志鹃,,阿如，初旭,,,中华人民共和国,浙江武康县武康中学,汉族,1925年9月13日,1998年10月7日,作家,,浙江杭州,《百合花》，《静静的产院》,女儿：王安忆,茹志鹃，浙江杭州人。当代著名女作家，著名导演王啸平的夫人，王安忆的母亲。她的创作以短篇小说见长。笔调清新、俊逸，情节单纯明快，细节丰富传神。善于从较小的角度去反映时代本质。曾用笔名阿如、初旭。祖籍浙江杭州。1925年9月生于上海。家庭贫困，幼年丧母失父，靠祖母做手工换钱过活。11岁以后才断断续续在一些教会学校、补习学校念书，初中毕业于浙江武康县武康中学。1943年随兄参加新四军，先在苏中公学读书，以后一直在部队文工团工作，任过演员、组长、分队长、创作组组长等职。1947年加入中国共产党。1955年从南京军区转业到上海，在《文艺月报》做编辑。
马原,,,,,中国,辽宁大学,,1953年,,作家/教授,,辽宁锦州,《冈底斯的诱惑》，《虚构》，《上下都很平坦》，《纠缠》,,马原，著名的是先锋作家马原，作为中国当代“先锋派”小说的代表作家之一，在当代文学史中占有重要地位。其著名的“叙述圈套”开创了中国小说界“以形式为内容”的风气，对中国当代文学的发展起到了重要影响。2012年11月，马原在云南西双版纳遭到殴打事件在网上引起关注。
陆文夫,,,,,中国,苏北盐城华中大学,汉,1928年3月23日,2005年7月9日,作家,,江苏泰兴,《献身》，《小贩世家》，《围墙》，《清高》，《美食家》,,陆文夫，江苏泰兴人，曾任苏州文联副主席、中国作家协会副主席等。在50年文学生涯中，陆文夫在小说、散文、文艺评论等方面都取得了卓越的成就，他以《献身》、《小贩世家》、《围墙》、《清高》、《美食家》等优秀作品和《小说门外谈》等文论集饮誉文坛，深受中外读者的喜爱。
鲁彦周,,,,,中国,,汉族,1928年,2006年11月26日,作家，编剧,,安徽省巢湖市,《凤凰之歌》，《三八河边》，《风雪大别山》，《天云山传奇》，《廖仲恺》,儿媳：王丽萍,鲁彦周，出生于安徽省巢湖市，中国内地作家、编剧。1954年，发表个人第一篇短篇小说《云芝娘和云芝》。1957年，创作电影文学剧本《凤凰之歌》，该作品获得中国文化部举办的中国电影文学剧本征文三等奖。1958年，创作散文集《淮北寄语》。1966年，鲁彦周下放干校劳动。1973年，创作文集《鲁彦周文集》。1979年，创作中篇小说《天云山传奇》，该小说获得中国优秀中篇小说奖。1983年，凭借爱情电影《廖仲恺》入围第4届中国电影金鸡奖最佳编剧奖。1988年，创作长篇小说《古塔上的风铃》。1992年，出版小说《阴阳关的阴阳梦》。1997年，出版小说《双凤楼》。2005年，创作长篇小说《梨花似雪》。2006年11月26日晚，鲁彦周因病在合肥去世，享年78岁。2007年，由其担任编剧的年代剧《双凤楼》播出。
刘兆林,Liu，Zhaolin,纪兵，鲍红,,,中国,辽宁大学,汉族,1949.4.12,,作家,,黑龙江巴彦,《不悔录》，《啊，索伦河谷的枪声》，《黄豆生北国》，《爱情线》,,刘兆林，男，汉族，1949年4月12日出生，黑龙江巴彦人，中共党员。当代作家，曾任辽宁省作家协会主席、党组书记。笔名：纪兵、鲍红。 主要社会兼职：中国作家协会主席团委员，辽宁省政协文史委员会副主任，辽宁省文联副主席，辽宁经济文化交流促进会副主任。国家一级作家。中国作协第九届全委会委员。
刘震云,,,,,中国,北京大学，北京师范大学鲁迅文学院,汉族,1958年5月,,作家，编剧,,河南新乡延津县,《一地鸡毛》，《我叫刘跃进》，《一句顶一万句》,"妻子：郭建梅
女儿：刘雨霖",刘震云，1958年5月出生于河南新乡延津县，中国内地作家、编剧。1982年，进入《农民日报》工作。1987年，开始在《人民文学》发表《塔铺》、《一地鸡毛》等小说作品。1988年，考入北京师范大学、鲁迅文学院读研究生。1992年，出版小说《一地鸡毛》。1997年，出版图书《温故流传》。1999年，出版《刘震云精品文集》。2000年，出版短篇小说集《刘震云》。2003年，出版小说《手机》。2007年，出版小说《我叫刘跃进》。2009年，出版小说《一句顶一万句》。2011年，以160万元的版税收入获得第六届中国作家富豪榜”排名第26位。2016年，获得埃及文化最高荣誉奖。2018年4月13日，被法国文化部授予“法兰西共和国文学与艺术骑士勋章”，以表彰他的作品在法文世界产生的影响。
刘索拉,,,,,中国,中央音乐学院,,1955年,,音乐家，作曲家，作家,,北京,《蓝调在东方》，《你别无选择》,"前夫：瞿小松
父亲：刘景范
母亲：李建彤",刘索拉是一位音乐家、作曲家，也曾经被视为中国真正的“现代派”的作家。刘索拉的小说被看成是我国新时期“先锋派小说”的首批作品。她的小说多以音乐界生活为素材，采用“黑色幽默”的笔法，表现当代中国80年代的现实，笔下人物多为“精神贵族”或“迷惘的一代”。
梁晓声,Liang，Xiaosheng,梁绍生,,,中国,复旦大学,汉族,1949年9月22日,,中国影视编剧，作家,,哈尔滨市,《天若有情》，《白桦树皮灯罩》，《死神》，《人间烟火》，《雪神》，《慈母情深》，《看自行车的女人》,,梁晓声，原名梁绍生。当代著名作家。1949年9月22日出生于哈尔滨市，祖籍山东荣成市泊于镇温泉寨。中国作家协会会员。曾创作出版过大量有影响的小说、散文、随笔及影视作品。中国现当代以知青文学成名的代表作家之一。现居北京，任教于北京语言大学人文学院汉语言文学专业。1968年到1975年曾在黑龙江生产建设兵团第一师劳动。1977年任北京电影制片厂编辑、编剧，1988年调至中国儿童电影制厂任艺术委员会副主任，中国电影审查委员会委员及中国电影进口审查委员会委员。2002年开始任北京语言大学中文系教授。2012年6月被聘任为中央文史研究馆馆员。
蒋子龙,,,,,中国,天津重型机器厂技工学校,,1941年7月2日,,文学作家,,河北沧县,,,蒋子龙，男，汉族，1941年8月生，河北沧县人，1958年8月参加工作，1972年3月入党，中专学历，编审。曾任中国作家协会第五、六、七届副主席、天津作家协会主席、天津文联副主席。现任天津市作家协会名誉主席。作为著名作家和中国文化的使者，他先后出访过欧美亚等十几个国家。2018年12月18日，党中央、国务院授予蒋子龙同志改革先锋称号，颁授改革先锋奖章，并获评“改革文学”作家的代表。
霍达,,,,,中国,北京建筑工程学院,回族,1945年11月26日,,作家，编剧，记者,,北京,《穆斯林的葬礼》，《红尘》，《补天裂》，《海棠胡同》,"丈夫：王为政
儿子：王剑男",霍达，女，生于1945年11月26日，回族，北京人。国家一级作家，1976年开始发表文学作品，发表第一部小说《不要忘记她》，1987年创作长篇小说《穆斯林的葬礼》，该作于1991年获得茅盾文学奖 。1988年成为全国政协委员，当选第七、八届全国政协委员、第九届全国人民代表大会代表、全国人大教科文卫委员会委员、中国少数民族作家学会副会长、中华文学基金会理事、《港澳百科全书》编委、开罗国际电影节评委。霍达曾参加美国爱荷华国际写作中心，并先后赴英、法、俄、日等十余国及我国港、台地区进行学术交流，其生平及成就载入《中国当代名人录》、《世界名人录》、《中国作家大辞典》、《中国电影家大辞典》、《中国专家大辞典》、《中华古今女杰谱》等大型辞书。
冯骥才,,,,,中国,,汉族,1942年2月9日,,作家，画家，文化学者，社会活动家，教授，博导,,天津,《雕花烟斗》，《高女人和她的矮丈夫》，《神鞭》，《三寸金莲》，《珍珠鸟》，《一百个人的十年》，《俗世奇人》，《激流中》,,冯骥才，男，浙江宁波人，1942年生于天津。中国当代作家、画家、文化学者和教授。在文学上为文革后崛起的“伤痕文学”代表作家。一九八五年后以“文化反思小说”对文坛产生深远影响。作品题材广泛，体裁多样，已出版各种作品集近百种。代表作《啊！》、《雕花烟斗》、《高女人和她的矮丈夫》、《神鞭》、《三寸金莲》、《珍珠鸟》、《一百个人的十年》、《俗世奇人》、《激流中》、《漩涡里》等。作品被译成英、法、德、意、日、俄、荷、西、韩、越等十余种文字，在海外出版各种译本四十余种。冯骥才兼为画家，出版过多种大型画集，并在中国各大城市和奥地利、新加坡、日本、美国等国举办个人画展。他以其中西贯通的绘画技巧与含蓄深远的文学意境，被评论界称为“现代文人画的代表”。冯骥才又是当代文化学者。近二十年来，他投身于城市历史文化保护和民间文化抢救。倡导与主持中国民间文化遗产抢救工程，并致力推动传统村落的保护，对当代中国社会产生广泛影响。现为中国文学艺术界联合会荣誉委员、中国民间文艺家协会名誉主席、国务院参事，天津大学冯骥才文学艺术研究院院长、教授、博士生导师，国家非物质文化遗产名录评定工作领导小组副组长、专家委员会主任，中国传统村落保护专家委员会主任等。曾任中国民主促进会中央副主席、中国文学艺术界联合会副主席、中国民间文艺家协会主席、全国政协常委、天津文学艺术界联合会主席等职。
冯德英,,,,,中国,,汉,1935,,作家,,山东乳山,,,冯德英，1935年生于山东乳山，中共党员，是中国作家协会的会员。1949年初参加中国人民解放军，并先后入解放军通信学校学习，毕业后任报务员、电台台长、雷达指挥排排长职。
明晓溪,,,,,中国,武汉大学,汉族,5月24日,,作家，执行总编,,,《旋风少女》，《泡沫之夏》，《烈火如歌》，《会有天使替我爱你》，《明若晓溪》,,明晓溪，当代著名女作家，武汉大学硕士。代表作品有《旋风少女》、《明若晓溪》、《泡沫之夏》、《会有天使替我爱你》等。2008年12月1日“2008第三届中国作家富豪榜”重磅发布，明晓溪以300万元的版税收入，荣登作家富豪榜第11位，引发广泛关注。而文笔细腻的明晓溪也有“现代小琼瑶”之称。
范小青,,,,,中国,苏州大学中文系,汉族,1955年,,作家,,上海松江,《裤裆巷风流记》，《老岸》，《百日阳光》，《赤脚医生万泉河》,哥哥：范小天,范小青，女，江苏省苏州市人。1978年初考入苏州大学中文系学习，毕业后留校担任文艺理论教学工作。1985年初调入江苏省作家协会从事专业创作。现为江苏省作家协会主席。社会兼职：中国作协全委会委员，省政协九届常委，教育文化委员会副主任，省第十届党代会代表。在2013年2月1日全国政协第十一届全国委员会常务委员会第二十次会议上通过为第十二届全国委员会委员。
方方,,汪芳,,,中国,武汉大学中文系,汉,1955年5月,,作家,,江苏南京,《风景》，《万箭穿心》，《琴断口》，《软埋》,,方方，本名汪芳，女。汉族。祖籍江西省彭泽县，1955年5月生于江苏南京，成长于湖北武汉。1974年高中毕业后在武汉当过装卸工，1978年考入武汉大学中文系，获学士学位。毕业后分配至湖北电视台工作。现任湖北省作家协会主席、省文学创作系列高评委会主任，中国作协全委会委员，一级作家。
邓友梅,,,,,中国,,,1931年3月1日,,作家,,天津,《那五》，《烟壶》,好友：茹志娟,邓友梅，笔名右枚、方文、锦直等。祖籍山东省平原县邓庄村，出生于天津。中国作协名誉副主席、著名作家。1942年参加抗战，1945年到新四军任文工团员，见习记者。1950年调到北京文联工作。发表小说《在悬崖上》，引起轰动。著有《我们的军长》《话说陶然亭》《追赶队伍的女兵们》《烟壶》《那五》等。曾连续五年获全国优秀中短篇小说奖。邓友梅的创作风格可用刚健、平实四个字归纳。而最能代表其艺术成就的“京味儿”小说是《那五》《烟壶》等。这批“京味儿”小说，大都取材于旗人的故事。作家以独特的视角，描绘出今日读者不大熟悉的旗人的生活画卷，给人以历史的感悟和现实的启示。
邓刚,Deng，Gang,,,,中华人民共和国,,,1945年,,,,辽宁大连,,,邓刚，原籍山东牟平，曾用名马全理。中国作协全国委员，辽宁省作协副主席，大连市文联副主席及作家协会主席，辽宁省劳动模范，大连市劳动模范。邓刚自幼家住海边，13岁辍学进大连机电安装公司学徒，随安装队走南闯北广见世面。1979年在《海燕》发表第一篇小说《心里的鲜花》，此后十余年间发表长、中、短篇小说及散文数百万字。短篇小说《刘关张》《八级工匠》获辽宁省人民政府奖，《阵痛》获全国优秀短篇小说奖，《迷人的海》获1983—1984年全国优秀中篇小说奖。1984年出版第一本小说集《迷人的海》。近年创作出版长篇小说《山狼海贼》《绝对亢奋》。作品还改编成影视剧本多部并译成多国文字。
迟子建,ChiZiJian,,,,中国,西北大学中文系，北京师范大学与鲁迅文学院联办的研究生班,汉族,1964年2月27日,,作家,,黑龙江省大兴安岭地区漠河市北极村,《树下》，《晨钟响彻黄昏》，《额尔古纳河右岸》，《越过云层的晴朗》，《伪满洲国》,,迟子建，女，汉族，1964年2月27日出生于黑龙江省大兴安岭地区漠河市，中国作家协会会员一级作家，中国作协第六、七届全委会委员，中国作协第九届主席团成员，现担任黑龙江省作家协会主席。著有长篇小说《树下》《晨钟响彻黄昏》《伪满洲国》《越过云层的晴朗》《群山之巅》等；小说集《北极村童话》《白雪的墓园》《清水洗尘》《雾月牛栏》《迟子建作品精华》。散文随笔集《伤怀之美》《我的世界下雪了》《迟子建随笔自选集》。另有《迟子建文集》出版80多部单行本。1983年开始文学创作。1984年毕业于大兴安岭师范学校。1987年入北京师范大学与鲁迅文学院联办的研究生班学习。1990年加入中国作家协会，1990年毕业后到黑龙江省作家协会工作。迟子建的作品获“鲁迅文学奖”“冰心散文奖”“茅盾文学奖”等文学奖，部分作品在英、法、日、意等国出版。
陆小曼,,陆眉，小眉，小龙,,,中国,北京圣心学堂,汉,1903年11月7日,1965年4月3日,作家，画家，翻译家,,上海,《哭摩》，《遗文编就答君心》，《爱眉小札》,"前夫：王庚
父亲：陆定
公公：徐申如
老师：陈半丁，刘海粟，贺天健",陆小曼，江苏常州人，近代女画家。师从刘海粟、陈半丁、贺天健等名家，晚年被吸收为上海中国画院专业画师。曾参加新中国第一次和第二次全国画展。陆小曼擅长戏剧，曾与徐志摩合作创作五幕话剧《卞昆冈》。她还谙昆曲，也能演皮黄，写得一手好文章，有深厚的古文功底和扎实的文字修饰能力。因与徐志摩的婚恋而成为著名近代人物。1965年4月3日于上海华东医院逝世，享年62岁。
阿城,,钟阿城,,,中国,,汉族,1949年,,作家，编剧,,北京市,《棋王》，《小城之春》，《芙蓉镇》，《刺客聂隐娘》,,阿城，原名钟阿城，1949年出生于北京市，祖籍重庆市江津区，中国内地作家、编剧。1984年，出版个人首部短篇小说《棋王》。1985年，担任剧情电影《大明星》的编剧，从而开启了他的编剧生涯。1986年，凭借剧情电影《芙蓉镇》入围第7届金鸡奖-最佳编剧奖。1991年，担任剧情电影《棋王》的编剧。1993年，与胡金铨共同担任神话恐怖电影《画皮之阴阳法王》的编剧。1997年，出版散文《威尼斯日记》。2002年，由其担任编剧的剧情电影《小城之春》上映。2006年，担任人物传记电影《吴清源》的编剧。2010年，出版散文《好说歹说》。2015年，担任古装动作电影《刺客聂隐娘》的编剧，该片入围第52届金马奖-最佳改编剧本奖。2016年，出版作品集《阿城文集》。
赵朴初,,,,,中国,东吴大学,,1907年11月5日,2000年5月21日,,,安徽安庆,《佛教常识答问》，《滴水集》,"妻子：陈邦织
学生：应祚智",赵朴初，安徽安庆人，中国民主促进会创始人之一，卓越的佛教领袖、杰出的书法家、著名的社会活动家与伟大的爱国主义者。早年从事佛教和社会救济工作。1936年后参加抗日救亡活动，曾任上海慈联会救济战区难民委员会常委，负责收容工作，动员、组织青壮年参加新四军。1939年参加宪政促进运动。1945年参与发起组织中国民主促进会。1949年9月出席中国人民政治协商会议第一届全体会议。中华人民共和国成立后，历任华东军政委员会民政部副部长，华东生产救灾委员会副主任，中国作家协会理事，中国书法家协会副主席，中日友好协会副会长、顾问，中国佛教协会副会长、会长，中国红十字会名誉会长，中国人民争取和平与裁军协会副会长，1983年6月任政协全国委员会副主席，政协全国委员会民族和宗教委员会主任。2000年5月21日因病在北京逝世，享年93岁。
凌叔华,,凌瑞棠,,,中国,燕京大学,汉族,1900.3.25,,,,广东省番禺县,《女儿身世太凄凉》，《酒后》,丈夫：陈源,凌叔华，生于文化古城北京的一个仕宦与书画世家，是其父第四位夫人所生，姊妹四人，排行第三，在家里排行第十。古城的灿烂文化和环境启迪了她的天资才华，影响了她的爱好和生活。后在文学创作和绘画方面都有优异的成就。她的作品除了短篇小说集《花之寺》、《女人》、《小哥儿俩》及散文集《爱山庐梦影》外，还有短篇小说自选集《凌叔华选集》和香港文学研究社出版的《凌叔华选集》
王海鸰,,,,,中国,,汉族,1952年,,作家，编剧,,山东,《牵手》，《新恋爱时代》,前夫：乔瑜,王海鸰，1952年出生于山东，中国内地作家、编剧，总政话剧团编剧。1985年，创作中篇小说《她们的路》。1988年，创作中篇小说《星期天的寻觅》。1992年，担任爱情剧《爱你没商量》的编剧，从而开启了她的编剧生涯。1999年，担任情感剧《牵手》的编剧。2002年，担任家庭伦理剧《不嫁则已》的编剧。2004年，担任家庭伦理剧《中国式离婚》的编剧。2006年，凭借都市情感剧《新结婚时代》入围第13届上海电视节最佳编剧奖。2007年，担任军旅情感剧《大校的女儿》的编剧。2012年，担任爱情剧《新恋爱时代》的编剧。2013年12月2日，王海鸰以1000万的编剧稿酬收入登“第8届中国作家富豪榜”第12位。2015年，担任都市励志剧《侯天明的梦》的编剧。
葛红兵,,,,,中国,,,1968年,,作家,,江苏南通,《未来集团》，《财道》，《沙床》，《我的N种生活》,,葛红兵，1968年11月生，新生代作家，批评家，文学博士，文艺学教授，英国剑桥大学东方所访问学者，上海大学中文系副主任，中国当代文学研究会理事、中国文艺理论学会理事，贵州师范大学中文系客座教授，中国当代中篇小说经典文库主编，20世纪中国文化散文精选编委。
孔庆东,Kong，Qingdong,孔和尚，孔醉，醉婴，丛剑,,,中华人民共和国,北京大学中文系,汉族,1964年9月22日,,教师,,黑龙江省哈尔滨市,《超越雅俗》，《1921谁主沉浮》，《国文国史三十年》，《47楼207》,,孔庆东，男，汉族，学者，中共党员，1964年生于黑龙江哈尔滨市，祖籍山东费县。孔子第73代传人，北京大学中文系博士，现任北京大学中文系教授，主攻中国现当代文学，兼及思想文化评论。
梅洁,Mei，Jie,,,,中国,中国农业大学，郧阳中学，牛首中学，襄阳四中,汉,1945年11月21日,,编辑，作家,,湖北郧县,《爱的履历》，《女儿的情结》，《并非永生的渴望》,,梅洁，女，湖北省十堰市郧阳人，国家一级作家，中国作家协会会员，中国散文学会常务理事，中国报告文学学会理事，河北作协散文艺术委员会主任。获省“有突出贡献的中青年专家”和“国务院特殊津贴专家”称号。1970年中国农业大学经济系毕业。1980年开始文学创作，现已出版、发表《爱的履历》、《生存的悖论》《一只苹果的忧伤》《大江北去》等诗歌、散文、中长篇纪实文学13部集、350余万字。曾获中国作协“第二届鲁迅文学奖”、首届“全国徐迟报告文学奖”、首届“全国冰心散文优秀作品奖”、“第五届《十月》文学奖” 、全国“第八届五个一工程奖”等50余种奖项。《跋涉者》、《童年旧事》、《贺坪峡印象》、《橄榄色的世界》《山苍苍，水茫茫》等被收入中学语文读本及大学文学教材。
王朔,,,,,中国,北京四十四中学,满族,1958年8月23日,,作家，编剧,,南京,《玩的就是心跳》，《看上去很美》，《动物凶猛》，《无知者无畏》,"前女友：徐静蕾
好友：冯小刚",王朔，男，1958年8月23日出生于江苏南京，祖籍辽宁岫岩，中国内地著名作家、编剧。1978年，他开始创作，先后发表了《玩的就是心跳》、《看上去很美》、《动物凶猛》、《无知者无畏》等中、长篇小说。出版有《王朔文集》、《王朔自选集》等，后进入影视业，电视剧《海马歌舞厅》和《编辑部的故事》都获成功。2007年王朔以500万元的版税收入，荣登“2007第二届中国作家富豪榜”第6位，引发广泛关注。他的代表作有：《玩的就是心跳》、《看上去很美》、《动物凶猛》《无知者无畏》、《致女儿书》、《我的千岁寒》、《王朔文集》等。
黄永玉,Huang，Yongyu,黄杏槟，黄牛，牛夫子,,,中国,凤凰小学,土家族,1924年7月9日,,画家,,湖南省常德县,《黄永玉木刻集》，《猫头鹰》，《这些忧郁的碎屑》，《沿着塞纳河到翡冷翠》,"弟弟：黄永厚
好友：彦涵
学生：英小乐
表叔：沈从文",黄永玉，笔名黄杏槟、黄牛、牛夫子。1924年7月9日出生在湖南省常德县，祖籍为湖南省的凤凰县城。土家族人。现为中央美术学院教授，曾任版画系主任。1946年，他和张梅溪结婚。 黄永玉、中国画院院士，受过小学和不完整初级中学教育。因家境贫苦，12岁就外出谋生，流落到安徽、福建山区小瓷作坊做童工，后来辗转到上海、台湾和香港。14岁开始发表作品，以后一段时间主攻版画，其独具风格的版画作品饮誉国内外。16岁开始以绘声绘色画画及木刻谋生。曾任瓷场小工、小学教员、中学教员、家众教育馆员、剧团见习美术队员、报社编辑、电影编剧及中央美术学院教授、中国美协副主席，中国美协第九届顾问，中国文学艺术界联合会第十届荣誉委员。
亦舒,,倪亦舒，衣莎贝,,,,,,1946年9月25日,,作家,,上海,《玫瑰的故事》，《喜宝》，《风满楼》，《故园》，《迷迭香》,"哥哥：倪匡
侄子：倪震",亦舒，原名倪亦舒，1946年9月25日出生于上海，已移居加拿大，职业作家、小说家。亦舒祖籍浙江镇海，五岁时到香港定居，她中学时开始写作生涯，1963年出版个人首部小说集，毕业后曾任职《明报》记者、电影杂志编辑、酒店主管、公关主任、政府新闻官、电视台编剧。除小说外，她还撰写散文和人物访问稿等，也以笔名“衣莎贝”在《明报周刊》撰写专栏。亦舒创作的《玫瑰的故事》 等多部作品曾改编为电影。
凌力,,曾黎力,,,中国,西安电子科技大学,汉族,1942年2月13日,2018年7月18日,作家，小说家,,陕西延安,《少年天子》，《星星草》，《北方佳人》,,凌力，女，本名曾黎力，汉族，1942年2月出生于陕西延安，籍贯江西于都。当代著名历史小说家，中国人民大学清史研究所研究员、教授，原北京作协副主席。主要获奖作品：长篇历史小说《少年天子》获第3届茅盾文学奖；《暮鼓晨钟——少年康熙》获1995年国家图书奖提名奖、北京市庆祝国庆45周年征文佳作奖；《梦断关河》获第二届北京市文学艺术奖；首届老舍文学奖和姚雪垠长篇历史小说奖。2018年7月18日，凌力因病在北京逝世，享年76岁。
刘慈欣,Cixin，Liu,刘电工，大刘,,,中国,华北水利水电大学,汉族,1963年6月23日,,工程师，作家,,北京,《超新星纪元》，《球状闪电》，《三体》,,刘慈欣，1963年6月出生，1985年10月参加工作，山西阳泉人，本科学历，高级工程师，科幻作家，中国作家协会会员、第九届全委会委员，中国科普作家协会会员，山西省作家协会副主席，阳泉市作家协会副主席，中国科幻小说代表作家之一。主要作品包括7部长篇小说，9部作品集，16篇中篇小说，18篇短篇小说，以及部分评论文章。作品蝉联1999年—2006年中国科幻小说银河奖，2010年赵树理文学奖，2011年《当代》年度长篇小说五佳第三名，2011年华语科幻星云奖最佳长篇小说奖，2010、2011年华语科幻星云奖最佳科幻作家奖，2012年人民文学柔石奖短篇小说金奖，2013年首届西湖类型文学奖金奖、第九届全国优秀儿童文学奖。代表作有长篇小说《超新星纪元》、《球状闪电》、《三体》三部曲等，中短篇小说《流浪地球》、《乡村教师》、《朝闻道》、《全频带阻塞干扰》等。其中《三体》三部曲被普遍认为是中国科幻文学的里程碑之作，将中国科幻推上了世界的高度。2015年8月23日，凭借《三体》获第73届世界科幻大会颁发的雨果奖最佳长篇小说奖，为亚洲首次获奖。2017年6月25日，凭借《三体Ⅲ·死神永生》获得轨迹奖最佳长篇科幻小说奖。2018年11月8日，获2018年克拉克想象力服务社会奖。2019年2月5日，刘慈欣作品改编电影《流浪地球》和《疯狂的外星人》上映。
卫慧,Weihui,,,,中国,复旦大学,,1973年,,通俗小说家,,上海市,《我的禅》，《水中的处女》，《欲望手枪》，《上海宝贝》,,卫慧，1973年出生，被称为 &quot;晚生代&quot;、“新新人类”女作家，1995年毕业于复旦大学中文系，22岁的卫慧发表她的处女作《梦无痕》。做过记者、编辑、电台主持、咖啡店女侍，蹩脚的鼓手，不成功的广告文案，自编自导自演过话剧，生于浙江余姚，儿时在普陀山、桃花岛等地度过，1990年在南昌陆军学院参加为期一年的军训。参加99国际“超市艺术展”至今从事写作十年有余。作品有《像卫慧那样疯狂》、《水中的处女》、《欲望手枪》、《上海宝贝》、《我的禅》等。部分作品译成31种文字，并登上日、英、意、德、法、美及西班牙、阿根廷、爱尔兰、香港、新加坡的各类畅销榜前十。居纽约与上海，专职写作。
虹影,,,,,英国,,,1962年,,作家，诗人,,重庆,《饥饿的女儿》，《K，英国情人》,前夫：赵毅衡,虹影，享誉世界文坛的著名英籍华人女作家、诗人。中国新女性文学的代表之一。1962年生于重庆。曾在北京师范大学鲁迅文学院、上海复旦大学读书。 1981年开始写诗，1988年开始发表小说。1991年移居英国。代表作有长篇《孔雀的叫喊》、《阿难》、《饥饿的女儿》、《K》、《女子有行》、诗集《鱼教会鱼歌唱》等。曾旅居海外，现居北京。
叶广芩,,,,,中国,,满族,1948年10月,,作家，记者,,北京,《本是同根生》，《采桑子》，《状元媒》,,叶广芩，北京市人，满族。中共党员，1948年出生北京。国家一级作家，中国作家协会会员，陕西省作家协会副主席，西安作家协会副主席。陕西省人大代表，西安市第十、十一届政协委员，西安培华学院女子学院院长。曾被陕西省委省政府授予“德艺双馨”文艺工作者称号，享受国务院颁发的“有特殊贡献专家”称号。当今中国文坛上最具有代表性的实力派女作家。
曾炜,,继祺，常祺,,,中国,广东省立艺术专科学校,,1919年,2007年,中国作家协会,,广东顺德,《早醒的黎明》，《顺德风情》,,曾炜，广东顺德人，中共党员。1943年毕业于广东省立艺术专科学校戏剧文学专业。1939年参加广东青年抗日先锋队，历任广州香港圣心中学、江村师范、东方中学教师，游击区华南文工团创作员，土改队队长，广东省作家协会第二、三、四届理事及第二届副秘书长、第三届秘书长，专业作家，文学创作一级。广东省文联第二、三届委员，中国戏剧家协会广东分会第二、三届理事。1949年开始发表作品。1978年加入中国作家协会。
残雪,,邓小华,,,中国,,汉,1953年5月30日,,作家,,湖南长沙,《山上的小屋》，《苍老的浮云》，《突围表演》，《黄泥街》,,残雪，原名邓小华，女，湖南耒阳人。1970年后历任街道工厂工人，个体裁缝。1985年开始发表作品。1988年加入中国作家协会，先锋派文学代表人物。部分作品在香港和台湾出版，并被译介到日本、法国、意大利、德国和加拿大等国家。1953年5月30日，残雪出生于长沙。2015年，残雪的作品获得美国纽斯达克文学奖提名；获得美国最佳翻译图书奖提名；获得英国伦敦独立外国小说奖提名。
徐坤,,妙玉,,,,中国社会科学院研究生院,,1965/03/05,,,,辽宁沈阳,《白话》，《先锋》，《热狗》,,徐坤，女作家，1965年3月生于辽宁沈阳。文学硕士，曾从事亚太文化文学研究工作，现就职于中国社会科学院文学研究所，中国社会科学院中国现当代文学在读博士生。
叶弥,,,,,中国,,,1964年6月,,作家,,江苏苏州,《香炉山》,,"叶弥，原名周洁，1964年6月生于苏州，中国作家协会会员、中国作家协会第九届全国委员会委员，江苏省作家协会理事，苏州市作家协会副主席，文坛关注的中青年作家，江苏省作家协会首届非驻会签约专业作家，江苏省委宣传部“五个一批”重点培养人才，市作协创作室非驻会专业作家。累计发表作品200余万字，出版有中短篇小说集《成长如蜕》、《钱币的正反面》、《天鹅绒》等,部分作品译至英、美、法、日、俄、德、韩等国。屡获国家级和省级文学奖，其中 《香炉山》2014年8月获第六届鲁迅文学奖短篇小说奖。"
王旭烽,,肖扬，旭峰,,,中国,杭州大学历史系,汉族,1955年2月,,作家,,浙江平湖,《姑娘山速写》,,王旭烽，女，国家一级作家，1955年2月生于浙江平湖，祖籍江苏徐州，1982年毕业于杭州大学历史系，曾在中国茶叶博物馆工作；现任浙江省作家协会副主席。其代表作品《茶人三部曲》获1995年度国家“五个一工程”奖、国家八五计划优秀长篇小说奖、第五届茅盾文学奖。
路遥,,王卫国,,,中国,延安大学,汉族,1949年12月3日,1992年11月17日,作家,,陕北榆林清涧县,《平凡的世界》，《人生》,,路遥，本名王卫国，出生于陕北榆林清涧县，中国当代作家，代表作有长篇小说《平凡的世界》、《人生》等。曾任中国作家协会陕西分会党组成员、副主席。路遥1949年12月3日出生于陕西陕北山区清涧县一个贫困的农民家庭，7岁时因为家里困难被过继给延川县农村的伯父。曾在延川县立中学学习，1969年回乡务农。这段时间里他做过许多临时性的工作，并在农村一小学中教过一年书。1973年进入延安大学中文系学习，其间开始文学创作。大学毕业后，任《陕西文艺》编辑。1980年发表《惊人动魄的一幕》，获得第一届全国优秀中篇小说奖。1982年发表中篇小说《人生》，后被改编为电影。1991年完成百万字的长篇巨著《平凡的世界》，这部小说以其恢宏的气势和史诗般的品格，全景式地表现了改革时代中国城乡的社会生活和人们思想情感的巨大变迁，还未完成即在中央人民电台广播。路遥因此而荣获茅盾文学奖。1992年11月17日，路遥因肝硬化腹水医治无效在西安逝世，年仅42岁。2018年12月18日，党中央、国务院授予路遥同志改革先锋称号，颁授改革先锋奖章，并获评鼓舞亿万农村青年投身改革开放的优秀作家。
林清玄,Lin，Qingxuan,秦情，林漓，林大悲,,,中国,台湾世界新闻专科学校,汉族,1953年2月26日,2019年1月23日,作家，诗人，学者,,中国台湾省高雄旗山,《菩提十书》，《清净之莲》，《桃花心木》，《生命的化妆》，《身心安顿》,,林清玄，生于中国台湾省高雄旗山，毕业于中国台湾世界新闻专科学校。当代作家、散文家、诗人、学者，笔名有秦情、林漓、林大悲、林晚啼、侠安、晴轩、远亭等。林清玄著有散文《查塔卡的杜鹃》，文章《和时间赛跑》、《桃花心木》选入人教版、北师大版小学语文课本。曾任台湾《中国时报》海外版记者、《工商时报》经济记者、《时报杂志》主编等职。他是台湾地区作家中最高产的一位，也是获得各类文学奖最多的一位，也被誉为“当代散文八大作家”之一。2019年1月23日，林清玄去世，享年65岁。
张中行,,张璇，张璿,字仲衡,,中国,北京大学,汉族,1909年1月7日,2006年2月24日,学者，哲学家，散文家,,天津市武清区河北屯镇,《顺生论》,,张中行，原名张璇，学名张璿，字仲衡，河北省香河县河北屯乡石庄人，著名学者、哲学家、散文家。主要从事语文、古典文学及思想史的研究。曾参加编写《汉语课本》、《古代散文选》等。合作编著有《文言文选读》《文言读本续编》；编著有《文言常识》、《文言津逮》、《佛教与中国文学》、《负暄琐话》等。是二十世纪末未名湖畔三雅士之一，与季羡林、金克木合称“燕园三老”。三人又与邓广铭合称“未名四老”。季羡林先生称赞他为“高人、逸人、至人、超人”。
陈所巨,,,,,中华人民共和国,武汉大学,汉族,1947年6月19日,2005年9月24日,作家，诗人,,安徽省桐城市,《父子宰相》，《黑洞幽幽》，《文都墨痕》,,当代著名作家、诗人。生前系中国作家协会会员，一级编剧，享受国务院政府特殊津贴专家。著有《父子宰相》、《黑洞幽幽》、《文都墨痕》、《阳光·土地·人》、《玫瑰海》等著作17部。
季羡林,,希逋，齐奘,,,中国,清华大学,汉族,1911年8月6日,2009年7月11日,著名古文字学家，历史学家，作家，语言学家,,山东省聊城市,《中印文化关系史论集》，《佛教与中印文化交流》，《牛棚杂忆》,"女儿：季婉如
儿子：季承",季羡林，中国山东省聊城市临清人，字希逋，又字齐奘。国际著名东方学大师、语言学家、文学家、国学家、佛学家、史学家、教育家和社会活动家。历任中国科学院哲学社会科学部委员、聊城大学名誉校长、北京大学副校长、中国社会科学院南亚研究所所长，是北京大学的终身教授，与饶宗颐并称为“南饶北季”。早年留学国外，通英文、德文、梵文、巴利文，能阅俄文、法文，尤精于吐火罗文，是世界上仅有的精于此语言的几位学者之一。为“梵学、佛学、吐火罗文研究并举，中国文学、比较文学、文艺理论研究齐飞”，其著作汇编成《季羡林文集》，共24卷。生前曾撰文三辞桂冠：国学大师、学界泰斗、国宝。
冯钟璞,Mary,丰华，任小哲，宗璞,,,中华人民共和国,清华大学外文系,汉族,1928年7月26日,,作家,,北京,《红豆》，《紫藤萝瀑布》，《野葫芦引》，《东藏记》,"女儿：冯珏
父亲：冯友兰
弟弟：冯钟越
姑妈：冯沅君
姑父：陆侃如
叔叔：冯景兰",宗璞，原名冯钟璞，女，1928年出生，当代作家，常用笔名宗璞，笔名另有丰华、任小哲等。中共党员，原籍河南省唐河县，生于北京，著名哲学家冯友兰之女。曾就职于中国社会科学院外国文学研究所。从事小说与散文创作。代表作品有短篇小说《红豆》《弦上的梦》，系列长篇小说《野葫芦引》和散文《紫藤萝瀑布》等。有著作：《三生石》《我是谁》。2018年，其作品《北归记》获奖第三届施耐庵文学奖。
萧红,Xiao，hong,张廼莹，张秀环，悄吟，玲玲，田娣,,,中国,北平大学女子师范学院附属女子中学,汉族,1911年6月1日,1942年1月22日,作家,,黑龙江省哈尔滨市呼兰区,《生死场》，《呼兰河传》，《小城三月》,"丈夫：端木蕻良
前夫：萧军
老师：鲁迅",萧红，中国近现代女作家，“民国四大才女”之一，被誉为“20世纪30年代的文学洛神”。乳名荣华，学名张秀环，后由外祖父改名为张廼莹。笔名萧红、悄吟、玲玲、田娣等。1911年，出生于黑龙江省哈尔滨市呼兰区一个地主家庭，幼年丧母。1932年，结识萧军。1933年，以悄吟为笔名发表第一篇小说《弃儿》。1935年，在鲁迅的支持下，发表成名作《生死场》。1936年，东渡日本，创作散文《孤独的生活》、长篇组诗《砂粒》等。1940年，与端木蕻良同抵香港，之后发表中篇小说《马伯乐》、长篇小说《呼兰河传》等。1942年1月22日，因肺结核和恶性气管扩张病逝于香港，年仅31岁。
徐志摩,,徐章垿,,,中国,杭州一中，英国剑桥大学,汉族,公元1897年1月15日,公元1931年11月19日,诗人，作家,,浙江省嘉兴市海宁市,《再别康桥》，《翡冷翠的一夜》,"妻子：张幼仪
儿子：徐积锴
父亲：徐申如
表弟：金庸
好友：章士钊，胡适",徐志摩，浙江嘉兴海宁硖石人，现代诗人、散文家。原名章垿，字槱森，留学英国时改名志摩。曾经用过的笔名有南湖、诗哲、海谷、谷、大兵、云中鹤、仙鹤、删我、心手、黄狗、谔谔等。新月派代表诗人，新月诗社成员。1915年毕业于杭州一中，先后就读于上海沪江大学、天津北洋大学和北京大学。 1918年赴美国克拉克大学学习银行学。十个月即告毕业，获学士学位，得一等荣誉奖。同年，转入纽约的哥伦比亚大学的研究院，进经济系。1921年赴英国留学，入剑桥大学当特别生，研究政治经济学。在剑桥两年深受西方教育的熏陶及欧美浪漫主义和唯美派诗人的影响。奠定其浪漫主义诗风。1923年成立新月社。1924年任北京大学教授。1926年任光华大学、大夏大学和南京中央大学教授。1930年辞去了上海和南京的职务，应胡适之邀，再度任北京大学教授，兼北京女子师范大学教授。1931年11月19日因飞机失事罹难。代表作品有《再别康桥》《翡冷翠的一夜》。
田汉,,田寿昌,,,中国,日本东京高等师范学校,汉族,1898年3月12日,1968年12月10日,剧作家，戏曲作家，电影编剧，小说家，词作家，诗人,,湖南省长沙县,《义勇军进行曲》，《名优之死》，《关汉卿》，《谢瑶环》,"妻子：安娥
儿子：田申",田汉，本名田寿昌，乳名和儿，笔名有田汉、陈瑜、伯鸿、汉儿倚声、首甲、绍伯、漱人、陈哲生、明高、嘉陵、张坤等。男，汉族，湖南省长沙县人。剧作家、戏曲作家、电影编剧、小说家、词作家、诗人、文艺批评家、文艺活动家，中国现代戏剧三大奠基人之一。他创作歌词的歌曲《万里长城》的第一段后来成为中华人民共和国国歌《义勇军进行曲》的歌词。田汉早年留学日本时曾自署为“中国未来的易卜生”。1968年，田汉在中国文化大革命中不幸被迫害死于狱中。
戴望舒,,戴朝安，戴梦鸥,,,中国,上海大学，复旦大学,汉族,1905年11月15日,1950年2月28日,诗人，翻译家,,浙江杭州,《雨巷》，《我的记忆》,前妻：穆丽娟,戴望舒，男，名承，字朝安，小名海山，浙江杭州人。后曾用笔名梦鸥、梦鸥生、信芳、江思等。中国现代派象征主义诗人、翻译家等。他先后在鸳鸯蝴蝶派的刊物上发表过三篇小说：《债》、《卖艺童子》和《母爱》。曾经和杜衡、张天翼和施蛰存等人成立了一个名谓“兰社”的文学小团体，创办了《兰友》旬刊。1950年戴望舒在北京病逝，享年45岁。
端木蕻良,CaoHanwen,曹汉文,,,中国,清华大学,满族,1912年9月25日,1996年10月5日,作家,,辽宁省昌图县,《科尔沁旗草原》，《大地的海》，《土地的誓言》，《曹雪芹》,妻子：萧红,端木蕻良，原名曹汉文，辽宁省昌图县人。曾任北京市作家协会副主席。1928年入天津南开中学读书。1932年考入清华大学历史系，同年加入“左联”，发表小说处女作《母亲》。1933年开始创作长篇小说《科尔沁旗草原》，1935年完成，成为三十年代东北作家群产生重要影响的力作之一。 1949年新中国成立前夕，端木从香港回到北京。1960年5月与钟耀群结婚。1980年，端木当选为北京市作家协会副主席，1984年当选为中国作家协会理事。1985年，《曹雪芹》中卷出版。1996年10月5日，因病于北京逝世，享年84岁 。主要作品有长篇小说《科尔沁旗草原》《大地的海》《江南风景》《大江》，短篇小说集《土地的誓言》《憎恨》《风陵渡》，童话《星星记》，京剧《戚继光斩子》《除三害》，评剧《罗汉钱》《梁山伯与祝英台》及长篇历史小说集《曹雪芹》等，影响卓著，为世人所流传。同时，文章《土地的誓言》被录用为人教版七年级下册语文教科书第7课和鲁教版六年级下册第16课。
梁实秋,,子佳，秋郎，程淑,实秋,,中国,哈佛大学,汉族,1903年1月6日,1987年11月3日,散文家，文学批评家，翻译家,,北京,,"妻子：程季淑，韩菁清
女儿：梁文茜
好友：郑振铎，胡适",梁实秋，原名梁治华，字实秋，1903年1月6日出生于北京，浙江杭县人。笔名子佳、秋郎、程淑等。中国著名的现当代散文家、学者、文学批评家、翻译家，国内第一个研究莎士比亚的权威，曾与鲁迅等左翼作家笔战不断。一生给中国文坛留下了两千多万字的著作，其散文集创造了中国现代散文著作出版的最高纪录。代表作《莎士比亚全集》等。1923年8月赴美留学，取得哈佛大学文学硕士学位。1926年回国后，先后任教于国立东南大学、国立青岛大学并任外文系主任。1949年到台湾，任台湾师范学院英语系教授。1987年11月3日病逝于台北，享年84岁。
瞿秋白,Qu，Qiubai,瞿霜，瞿爽，瞿双,,,中国,北京俄文专修馆,汉族,1899年1月29日,1935年6月18日,无产阶级革命家，理论家，文学家,,江苏常州,《赤都心史》，《俄乡纪程》，《多余的话》,"妻子：杨之华
前妻：王剑虹
父亲：瞿世玮
继女：瞿独伊",瞿秋白，本名双，后改瞿爽、瞿霜，字秋白，生于江苏常州。中国共产党早期主要领导人之一，伟大的马克思主义者，卓越的无产阶级革命家、理论家和宣传家，中国革命文学事业的重要奠基者之一。1917年秋考入北京俄文专修馆学习。1922年春，正式加入中国共产党。1923年，主编中共中央另一机关刊物《前锋》，参加编辑《向导》。1925年，先后在中共第四、五、六次全国代表大会上当选为中央委员、中央局委员和中央政治局委员，成为中共领袖之一。1927年2月7日，自编《瞿秋白论文集》。1934年任中华苏维埃共和国中央执委会委员、人民教育委员会委员、中华苏维埃共和国中央政府教育部部长等职。1935年2月在福建长汀县被国民党军逮捕，6月18日就义，时年36岁。
胡适,Hu，Shi,胡嗣穈，胡洪骍，胡希疆;洪骍，适之,字希疆,,中国,康奈尔大学，哥伦比亚大学,汉族,1891年12月17日,1962年2月24日,学者，思想家，诗人，史学家，作家,,上海市浦东新区川沙新镇,《胡适论学近著》，《中国哲学史大纲》，《尝试集》，《白话文学史》,"妻子：江冬秀
儿子：胡思杜，胡祖望
前女友：韦莲司，曹诚英
父亲：胡传
母亲：冯顺弟
好友：章士钊，梁实秋",胡适，原名嗣穈，学名洪骍，字希疆，笔名胡适，字适之。著名思想家、文学家、哲学家。徽州绩溪人，以倡导“白话文”、领导新文化运动闻名于世。幼年就读于家乡私塾，19岁考取庚子赔款官费生，留学美国，师从哲学家约翰·杜威，1917年夏回国，受聘为北京大学教授。1918年加入《新青年》编辑部，大力提倡白话文，宣扬个性解放、思想自由，与陈独秀同为新文化运动的领袖。他的文章从创作理论的角度阐述新旧文学的区别，提倡新文学创作，翻译法国都德、莫泊桑、挪威易卜生的部分作品，又率先从事白话文学的创作。他于1917年发表的白话诗是现代文学史上的第一批新诗。“五四运动”后，同李大钊、陈独秀等接受马克思主义的知识分子分道扬镳，由“问题与主义之争”开其端，倡导改良，从此改变了他“20年不谈政治；20年不干政治”的态度。他于1920年代办《努力周报》，1930年代办《独立评论》，1940年代办“独立时论社”。1938～1942年出任中华民国驻美大使。1939年获得诺贝尔文学奖的提名。1946～1948年任北京大学校长。1949年去美国。1952年返台，1957年始任中央研究院院长。1962年在台北病逝。胡适一生的学术活动主要在文学、哲学、史学、考据学、教育学、红学几个方面，主要著作有《中国哲学史大纲》、《尝试集》、《白话文学史》和《胡适文存》等。他在学术上影响最大的是提倡“大胆地假设、小心地求证”的治学方法。
刘半农,,刘复，刘寿彭,,,中国,巴黎大学,汉族,1891年5月29日,1934年7月14日,文学家，语言学家，教育家,,江苏江阴,《扬鞭集》，《瓦釜集》,弟弟：刘北茂，刘天华,刘半农，江苏江阴人，原名寿彭，后名复，初字半侬，后改半农，晚号曲庵，中国新文化运动先驱，文学家、语言学家和教育家。清宣统三年曾参加辛亥革命，民国元年后在上海以向鸳鸯蝴蝶派报刊投稿为生。民国六年到北京大学任法科预科教授，并参与《新青年》杂志的编辑工作，积极投身文学革命，反对文言文，提倡白话文。民国九年到英国伦敦大学的大学院学习实验语音学，民国十年夏转入法国巴黎大学学习。1925年获得法国国家文学博士学位，所著《汉语字声实验录》，荣获法国康士坦丁·伏尔内语言学专奖。民国十四年秋回国，任北京大学国文系教授，讲授语音学。民国二十三年在北京病逝。主要作品有诗集《扬鞭集》、《瓦釜集》和《半农杂文》。  
废名,,冯文炳,,,中国,北京大学,,1901.11.09,1967.10.7,作家,,湖北黄梅,《桥》，《莫须有先生传》,,废名，原名冯文炳，20世纪中国文学史上最有影响力的文学家之一，曾为语丝社成员，师从周作人，在文学史上被视为“京派文学”的鼻祖。1925年出版的《竹林的故事》是他的第一本小说集，其后，相继创作有长篇小说《莫须有先生传》 、《桥》、《莫须有先生坐飞机以后》以及短篇小说、散文、诗歌若干，且后三者皆有极高的造诣。废名的小说以“散文化”闻名，将六朝文、唐诗、宋词以及现代派等观念熔于一炉，并加以实践，文辞简约幽深，兼具平淡朴讷和生辣奇僻之美。
鲁彦,,王衡，王鲁彦，返我，王燮,,,中国,,,1901年,,小说家，翻译家,,,,,鲁彦，浙江镇海人，原名王燮 臣，又名王衡、王鲁彦、返我。著名乡土小说家、翻译家。
庐隐,,"黄英,黄淑仪",,,中国,女子师范学校,汉,1898年5月4日,1934年5月13日,作家,,福建省闽侯县城内,《地上的乐园》，《曼丽》，《灵海潮汐》,丈夫：李唯建,庐隐原名黄淑仪，又名黄英，福建省闽侯县南屿乡人。笔名庐隐，有隐去庐山真面目的意思。五四时期著名的作家，与冰心、林徽因齐名并被称为“福州三大才女”。2003年美国哥伦比亚大学出版的《女作家在现代中国》之中，与萧红、苏雪林和石评梅等人并列为18个重要的现代中国女作家之一。
李金发,,李淑良,,,中国,,汉族,1900,1976,,,广东梅县,《微雨》，《食客与凶年》，《为幸福而歌》,,李金发，原名李淑良，广东梅县人。早年就读于香港圣约瑟中学，后至上海入南洋中学留法预备班。1919年赴法勤工俭学，1921年就读于第戎美术专门学校和巴黎帝国美术学校。李金发于1925年至1927年出版的《微雨》，《为幸福而歌》，《食客与凶年》，是中国早期象征诗派的代表作，为中国新诗艺术的发展进行了有益的探索和尝试。
殷夫,,徐白，孝杰，徐祖华，白莽,,,中国,同济大学,,1910年6月11日,1931年2月7日,职业革命者，诗人,,浙江省象山县,《孩儿塔》，《殷夫选集》，《殷夫集》,哥哥：徐培根,殷夫，原名徐白，谱名孝杰，小名徐柏庭，学名徐祖华，又名白莽，浙江象山人。读书时先后用过徐白、徐文雄等学名，笔名有徐殷夫、白莽、文雄白、任夫、殷孚、沙菲、沙洛、洛夫、Lven等，中国共产党员，中国无产阶级的优秀诗人，左联五烈士之一。殷夫主要作品有《孩儿塔》《殷夫选集》《殷夫集》《别了，哥哥》《血字》《伏尔加的黑浪》《一百零七个》，同时，他还在《列宁青年》杂志上发表了许多政论性文章。
张天翼,,张元定,字汉弟，号一之,,中华人民共和国,北京大学,汉族,1906年9月26日,1985年4月28日,作家,,江苏省南京市,《大林和小林》，《宝葫芦的秘密》，《华威先生》,姐夫：邵元冲，竺可桢,张天翼，中国当代作家。学名张元定，字汉弟，号一之，笔名张天净、铁池翰等。祖籍湖南省湘乡县东山乡双泉村，出生于南京，在杭州读完小学和初中，1925年秋到北京，次年考入北京大学。1929年正式开始职业写作生涯，1931年加入左联，抗战爆发后，一直在长沙等地从事抗日救亡工作和文艺活动。解放后历任中央文学讲习所副主任、中国文联委员、中国作协书记处书记、《人民文学》主编等职。代表作有童话《大林与小林》《宝葫芦的秘密》《秃秃大王》，小说《华威先生》《鬼土日记》等。他的童话在儿童文学史上占有重要位置。
阿英,,钱杏村,,,中国,,,1900年,1977年6月17日,作家，文学理论家,,安徽芜湖,《李闯王》，《碧血花》，《阿英文集》,合作人：孟超,阿英 ，安徽芜湖人。即钱杏邨，原名钱德富，又名钱德赋。主要笔名还有钱谦吾﹑张若英﹑阮无名﹑鹰隼﹑魏如晦等。1926年参加中国共产党，1927年从芜湖逃亡到武汉后到上海，长期从事革命文艺活动，与蒋光慈等发起组织“太阳社”，编辑《太阳月刊》、《海风周报》等。抗日战争期间，在上海从事救亡文艺活动，曾任《救亡日报》编委，《文献》杂志主编。1941年去苏北参加新四军革命文艺工作，并参与宣传、统战工作的领导。
刘大白,,白屋,,,中国,,汉族,1880年10月2日,1932年2月13日,诗人，文学史家,,浙江绍兴,《旧梦》，《卖布谣》,,刘大白，中国诗人，原名金庆棪，后改姓刘，名靖裔，字大白，别号白屋。浙江绍兴人。与鲁迅先生是同乡好友，现代著名诗人，文学史家。曾东渡日本，南下印尼，接受先进思想。先后在省立诸暨中学、浙江第一师范、上海复旦大学执教数十余年。1919年他应经亨颐之聘在浙一师与陈望道、夏丏尊、李次九一起改革国语教育，被称为“四大金刚”。后任教育部秘书、常务次长，中央政治会议秘书等职。二十年代，他曾莅校考察并讲学。1925年为复旦大学校歌作词。复旦校歌歌词介于文言与白话之间，兼取两者优处，由复旦师生传唱至今。
汪静之,,,,,中国,浙江省第一师范学校,汉族,1902.7.20,1996.10.10,作家,,安徽绩溪,《新潮》，《小说月报》,女友：傅慧贞,汪静之，安徽绩溪人。农工党成员。大学毕业。1921年起在《新潮》、《小说月报》、《诗》、《新青年》等杂志发表新诗，与潘漠华、应修人、冯雪峰创立湖畔诗社，曾任武昌旅鄂湖南中学、保定育德中学、安徽第二农业学校国文教师，北伐军总司令部政治部编纂人员，《革命军日报》、《劳工月刊》编辑，上海建设大学、安徽大学、暨南大学中文系教授，商务印书馆特约编辑，国民党中央军校广州分校国文教官，江苏学院、复旦大学中文系教授，人民文学出版社编辑。浙江省文联委员，中国作家协会浙江分会顾问。1925年开始发表作品。
沙汀,,杨朝熙,,,中国,四川省立第一师范学校,汉,1904,1992年12月14日,作家,,四川安县,《还乡记》，《淘金记》,,沙汀作家。原名杨朝熙，四川绵阳安州区人士。在成都毕业于四川省立第一师范学校，参加中共组织领导的革命活动。抗战后任教于成都协进中学。历任西南文联副主任，中国作协创作委员会副主任，四川省文联主席，中国作协四川分会主席，中国社会科学院文学研究所所长，中国作协第二届理事和第三、四届副主席，中国文联第二至四届委员。是第一至三届全国人大代表，第五、六届全国政协委员。主要著作还有长篇小说《困兽记》、《还乡记》，短篇小说《在其香居茶馆里》、《老邬》，中篇小说《木鱼山》等。有《沙汀选集》。
席慕蓉,,萧瑞，漠蓉,,,中国,比利时布鲁塞尔皇家艺术学院,蒙古族,1943年10月15日,,散文家，诗人，画家，美术系教授,,重庆,《前尘·昨夜·此刻》，《七里香》，《有一首歌》，《心灵的探索》，《时光九篇》,"丈夫：刘海北
老师：陈慧坤",席慕蓉，蒙古族，全名穆伦·席连勃，当代画家、诗人、散文家。原籍内蒙古察哈尔部。1963年，席慕蓉台湾师范大学美术系毕业，1966年在比利时布鲁塞尔皇家艺术学院完成进修，获得比利时皇家金牌奖、布鲁塞尔市政府金牌奖等多项奖项。著有诗集、散文集、画册及选本等五十余种，《七里香》、《无怨的青春》、《一棵开花的树》等诗篇脍炙人口，成为经典。席慕容的作品多写爱情、人生、乡愁，写得极美，淡雅剔透，抒情灵动，饱含着对生命的挚爱真情，影响了整整一代人的成长历程。2017年12月，席慕蓉作词、吕学东作曲、姜丽娜演唱《故乡的歌》获第十届中国金唱片奖民族类最佳原创单曲奖。
顾城,Gu，Cheng,童话诗人,,,中国,,汉族,1956年9月24日,1993年10月8日,诗人,,北京,《一代人》，《英儿》，《白昼的月亮》，《黑眼睛》，《我是一个任性的孩子》,"妻子：谢烨
父亲：顾工",顾城，男，原籍上海，1956年9月24日生于北京一个诗人之家，中国朦胧诗派的重要代表，被称为当代的“唯灵浪漫主义”诗人。顾城在新诗、旧体诗和寓言故事诗上都有很高的造诣，其《一代人》中的一句“黑夜给了我黑色的眼睛/我却用它寻找光明”成为中国新诗的经典名句。顾城17岁开始写作生涯，给各个报社杂志投稿。1987年开始游历欧洲做文化交流，1988年便隐居新西兰激流岛，过自给自足的生活，1993年10月8日在其新西兰寓所因婚变，用斧头砍伤妻子谢烨后自缢于一棵大树之下，谢烨随后不治身亡。
郑愁予,,郑文韬,,,中国,台湾中兴大学,,1933年,,诗人，中国海洋大学驻校作家,,山东济南,《错误》，《水手刀》,,郑愁予，原名郑文韬，祖籍河北宁河，1933年生于山东济南，当代诗人。台湾中兴大学毕业，中国海洋大学驻校作家。他的《错误》、《水手刀》、《残堡》、《小小的岛》、《情妇》、《如雾起时》等诗，不仅令人着迷，而且使人陶醉。被称为“浪子诗人”，“中国的中国诗人”。
林徽因,Phyllis，Lin,林徽音,,,中国,美国宾州大学美术学院,汉族,1904年6月10日,1955年4月1日,建筑学家，作家，诗人,,浙江杭州,《你是人间四月天》，《莲灯》，《九十九度中》，《谁爱这不息的变幻》，《深夜里听到乐声》,"丈夫：梁思成
女儿：梁再冰
父亲：林长民
爷爷：林孝恂
公公：梁启超
婆婆：李蕙仙
姑父：卓定谋，林尹民
侄女：林璎",林徽因，汉族，福建闽县人，出生于浙江杭州。原名林徽音，其名出自“《诗·大雅·思齐》：大姒嗣徽音，则百斯男”。后因常被人误认为当时一男作家“林徽音”，故改名为“徽因”。中国著名建筑师、诗人和作家，人民英雄纪念碑和中华人民共和国国徽深化方案的设计者之一、建筑学家梁思成的第一任妻子。二十世纪三十年代初，同梁思成一起用现代科学方法研究中国古代建筑，成为这个学术领域的开拓者，后来在这方面获得了巨大的学术成就，为中国古代建筑研究奠定了坚实的科学基础。文学上，著有散文、诗歌、小说、剧本、译文和书信等，代表作《你是人间四月天》、《莲灯》、《九十九度中》等。其中，《你是人间四月天》最为大众熟知，广为传诵。
海子,,查海生,,,中国,北京大学法律系,汉族,1964年3月24日,1989年3月26日,诗人，教师,,安徽省怀宁县,《面朝大海，春暖花开》，《五月的麦地》，《以梦为马》,同学：骆一禾,海子，原名查海生，出生于安徽省怀宁县高河镇查湾村，当代青年诗人。海子在农村长大，1979年15岁时考入北京大学法律系，1982年大学期间开始诗歌创作，1983年自北大毕业后分配至北京中国政法大学哲学教研室工作，1989年3月26日在山海关附近卧轨自杀，年仅25岁。海子1983年自北京大学毕业后分配至中国政法大学哲学教研室工作，1984年创作成名作《亚洲铜》和《阿尔的太阳》，第一次使用“海子”作为笔名。从1982年至1989年不到7年的时间里，海子创作了近200万字的作品，出版了《土地》、《海子、骆一禾作品集》、《海子的诗》和《海子诗全编》等等。在诗人生命里，从1984年的《亚洲铜》到1989年3月14日的最后一首诗《春天，十个海子》，海子创造了近200万字的诗歌、诗剧、小说、论文和札记。比较著名的有《亚洲铜》、《麦地》、《以梦为马》、《黑夜的献诗——献给黑夜的女儿》等。
芒克,,姜世伟,,,中国,,,1950年11月16日,,文学，诗人,,沈阳,《心事》，《阳光中的向日葵》，《没有时间的时间》,,芒克，1950年11月出生。朦胧诗人的代表之一，生于沈阳，1956年全家迁到北京市。1969年到河北省白洋淀插队。1978年底与北岛共同创办文学刊物《今天》，并出版了处女诗集《心事》。1987年与唐晓渡、杨炼组织了“幸存者诗歌俱乐部”，并出版刊物《幸存者》。诗集有《阳光中的向日葵》《芒克诗选》《没有时间的时间 》《今天是哪一天》《芒克的诗歌》，长篇小说《野事》，随笔集《瞧，这些人》。作品被翻译成英、法、意大利、德、西班牙、荷兰、瑞典、日文等。曾应邀访问过法国、意大利、英国、西班牙、荷兰、澳大利亚、美国、瑞典、古巴和日本等国进行学术交流。现居北京，从事写作和油画创作。
杨炼,Yang，Lian,,,,中国,,,1955年,,诗人,,瑞士伯尔尼,《大海停止之处》，《同心圆》,,杨炼，当代著名诗人。1955年出生于瑞士伯尔尼，6岁时回到北京，是朦胧诗的代表人物之一；1974年高中毕业后，在北京昌平县插队，之后开始写诗，并成为《今天》杂志的主要作者之一。1983年，杨炼以长诗《诺日朗》出名，1988年被中国内地读者推选为“十大诗人”之一，同年在北京与芒克、多多等创立“幸存者诗歌俱乐部”。现定居伦敦，继续从事文学创作。
北岛,,赵振开,,,中国,北京四中,汉族,1949年8月,,香港中文大学人文学科讲座教授,,北京,《回答》，《一切》，《陌生的海滩》，《北岛诗选》，《在天涯》，《蓝房子》，《午夜之门》，《青灯》,,北岛，原名赵振开，“北岛”是诗人芒克给他取的笔名，也是他影响最为广泛的笔名。浙江湖州人，出生于北京。中国当代诗人、作家，为朦胧诗代表人物之一，是民间诗歌刊物《今天》的创办者。北岛现任香港中文大学讲座教授，定居香港。著有诗集《陌生的海滩》《北岛诗选》《在天涯》《午夜歌手》，散文集《蓝房子》《午夜之门》《时间的玫瑰》《青灯》和小说《波动》，代表诗作有《回答》《一切》等，作品被译成20余种文字。北岛曾先后获诺贝尔文学奖提名、瑞典笔会文学奖、美国西部笔会中心自由写作奖、洛哥阿格那国际诗歌节诗歌奖、古根海姆奖、马其顿斯特鲁加国际诗歌节最高荣誉金花环奖等，并被选为美国艺术文学院终身荣誉院士。
谈歌,,谭同占,,,中国,河北师范大学,汉族,1954年3月,,作家，记者,,河北龙烟铁矿,《天下荒年》，《票儿》，《家园笔记》,,谈歌，原名谭同占。1954年出生于河北龙烟铁矿，祖籍河北完县。作家、记者，中国作家协会会员，先后在河北省龙烟铁矿西二区小学、河北宣化第四中学就读。1970年3月参加工作。先后做过锅炉工、修理工、车间主任、地质队长、机关秘书、宣传干部、报社记者、政府副市长等职务。1977年开始文学创作，1978年开始发表作品，迄今共发表长篇小说19部，中短篇小说千余篇，计有1500余万字。部分作品被译成法、日、英等文字介绍到国外。曾获《当代》《十月》《人民文学》《小说选刊》《小说月报》奖。1984年考入河北师范大学。1986年毕业，曾在《冶金报》《冶金地质报》任记者。1996年调入河北作家协会至今。现任河北作家协会副主席。
关仁山,,,,,中国,,满族,1963.02,,作家,,河北唐山,《福镇》，《魔幻处女海》，《胭脂稻传奇》，《天高地厚》,,关仁山，男，满族，1963年2月生于河北唐山丰南县，当代文学家，中国作协第九届全委会委员。中国作家协会会员，河北省作家协会主席，创作室主任，与作家何申、谈歌被文坛称做河北“三驾马车”。1981年昌黎师范学校毕业后当过教师、乡文化站长和县政府秘书。1984年开始文学创作并发表作品。2013年6月21日，《光明日报》第1版发表关仁山撰写的《我以文学追梦》
杏林子,Liu，xia,刘侠,,,中国,北投国小学,汉族,1942年4月12日,2003年2月8日,作家,,陕西宝鸡杏林村,《生命，生命》，《遥远的路》，《生命颂》,好友：三毛,杏林子原名刘侠，笔名为杏林子。台湾登工组组长；台北市南机场社区发展实验中心辅导；伊甸残障福利基金会创办人；中华人民共和国残障联盟创会理事长。12岁时罹患罕见的类风湿性关节炎，发病时手脚肿痛行动不便，只有手指可以动。 自此身心饱受病痛煎熬。作品《生命 生命》已被选入小学语文四年级下册人教版教科书第19课。杏林子在62岁时，被患有精神病的看护工维娜虐待，头部受重伤，因抢救无效死亡。杏林子是一个不向命运屈服的作家，虽然她已逝去十多年，但她依然活在读者的心中。
王统照,,,,,中国,中国大学英语系,汉族,1897年,1957年11月29日,作家,,山东诸城,《春雨之夜》，《山雨》，《春花》，《一叶》,,王统照，字剑三，笔名息庐、容庐。现代作家。山东诸城人。1924年毕业于中国大学英文系。1918年办《曙光》。1921年与郑振铎、沈雁冰等发起成立文学研究会。曾任中国大学教授兼出版部主任，《文学》月刊主编，开明书店编辑，暨南大学、山东大学教授。建国后，历任山东省文联主席，山东大学中文系主任，山东省文化局局长。著有多部长篇小说。
莫应丰,,,,,,,,1938,1989,当代著名作家,,湖南益阳,《将军吟》,,莫应丰是当代著名作家，湖南益阳人。其在1956年入湖北艺术学院音乐系学习，1961年参军，在广州军区空军文工团从事音乐和剧本创作。他的代表作有《将军吟》等。
古华,,罗鸿玉,,,中国,郴州农业专科学校,汉族,1942.6.20,,电影编剧，作家,,湖南嘉禾县石桥镇二象村,《芙蓉镇》,,古华 ，原名罗鸿玉，男，湖南嘉禾人，电影编剧、作家，原湖南省作协副主席。
徐兴业,,,,,中国,无锡国学专修学校,汉族,1917年,1990年,作家,,浙江绍兴,《金瓯缺》,,徐兴业，浙江绍兴人，现代文学作家。1937年毕业于无锡国学专修学校，曾任上海国学专修馆、稽山中学教师，上海通成公司职员。新中国成立后，在中学任教，1957年调上海市教育局研究室工作，1962年任上海教育出版社历史编辑。1977年退休之后，曾在上海师范学院历史系任教，主讲宋金史。著有《中国古代史话》、《心史》、《袁崇焕传》及《辽东帅旗》、《李师师》等。其代表作长篇历史小说《金瓯缺》从1938年开始酝酿，到1985年出齐四卷，历经四十余年，荣获第三届茅盾文学奖荣誉奖、上海市庆祝建国40周年优秀小说奖。
王火,,,,,中国,复旦大学,,1924年7月,,编辑，作家,,上海,,,王火，男，原名王洪溥，江苏如东人，1924年7月生于上海。中共党员，中国作协名誉委员。1948年毕业于复旦大学新闻系。四川文艺出版社原书记、总编辑，四川人民出版社原副总编、编审，四川省第五、六届政协委员，四川省作家协会名誉副主席。1987年春离休。1995年国务院授予全国先进工作者称号。
刘斯奋,,,,,中国,中山大学中文系汉语言文学专业,,1944年1月,,广东省文学艺术界联合会主席,,广东中山,《白门柳》，《万岳朝宗》,,刘斯奋，男，祖籍广东中山，1944年1月生，1967年毕业于中山大学中文系，1974年6月入党，现为广东省文联主席、广东画院院长，广东省政协常务委员，中国文联常务委员会委员，中国作家协会会员，中国美术家协会理事，华南师范大学兼职教授，是享受国务院政府特殊津贴专家。
刘玉民,,,,,中国,,汉族,1951，年,,,,山东荣成市,,,刘玉民，男，汉族，生于1951 年，少年时代在原籍山东荣成市读书。青年时代在济南军区当过战士、理论教员、文化干事等。转业地方工作后，历任济南市文联编辑、创作员、创作室主任、副主席、济南市作协主席、山东省文联副主席、山东省政协文化组副组长、山东文人书画院院长等职。系中国作家协会会员、中国书法家协会会员，文学创作一级，山东省拔尖人才，享受国务院颁发的政府特殊津贴的专家。
熊召政,,,,,中国,武汉大学中文系,汉,1953年12月,,湖北省作家协会专业作家,,中国湖北,《酒色财气》，《盅王》，《梅花钥匙》，《张居正》,,熊召政，湖北省英山县人，1953年12月诞生于大别山区的一座温泉小镇，系中国当代著名作家、诗人、学者。已出版长篇历史小说、中短篇小说、散文、历史札记、诗集四十余部。其中政治抒情诗获1979-1980年全国首届中青年优秀新诗奖；四卷本长篇历史小说《张居正》2002年问世后，被誉为中国新时期长篇小说的里程碑。近年来，其作品多次获得各种奖项。历时十二年精心创作的三卷本长篇历史小说《大金王朝》已完成第一卷《北方的王者》及第二卷《擒龙的骑士》，第三卷《帝国的坍塌》将于今年完成。其演讲录已结集出版《历史的乡愁》、《文人的情怀》及《汉语的世界》三册。现系第十三届全国政协委员、中华文化促进会常务副主席、中国文联全委会委员、湖北省文联主席、湖北省人民政府文史研究馆馆长，并兼任中国人民大学、武汉大学、西北大学、中南政法大学等多所大学客座教授。
徐贵祥,,楚春秋,,,中国,解放军艺术学院,汉族,1959年12月27日,,国防大学军事文化学院文艺创演系主任,,安徽六安市,《马上天下》，《仰角》，《历史的天空》，《对阵》,,徐贵祥，安徽六安人，1959年12月出生，全国政协委员，中国作协副主席  ，中国作家军事文学委员会主任，国防大学军事文化学院文艺创演系主任。曾任解放军艺术学院文学系主任。著有长篇小说《仰角》、《历史的天空》、《高地》、《八月桂花遍地开》、《明天战争》、《特务连》、《马上天下》、《四面八方》等。获第7、9、11届全军文艺奖；第4、9、11届五个一工程奖；第6届茅盾文学奖。2017年新作《对阵》由长江文艺出版社出版。
柳建伟,,柳盛元,,,中国,解放军信息工程学院,,1963年10月,,作家，编剧,,河南省南阳市镇平县,《北方城郭》，《突出重围》，《英雄时代》，《惊涛骇浪》,母亲：王玉梅,柳建伟，1963年10月出生于河南省南阳市镇平县，中国内地作家、编剧，毕业于解放军信息工程学院。大校军衔，正师级。现任八一电影制片厂厂长。1997年，出版个人首部长篇小说《北方城郭》。1998年，出版长篇小说《突出重围》。2001年，出版中短篇小说集《苍茫冬日》。2003年，担任灾难电影《惊涛骇浪》的编剧，并凭借该片入围第23届中国电影金鸡奖最佳编剧奖。2005年，凭借创作的小说《英雄时代》获得第6届茅盾文学奖。2009年，担任灾难电影《惊天动地》的编剧。2011年，凭借剧情电影《飞天》入围第14届中国电影华表奖优秀编剧奖。2017年，担任编剧的战争电影《血战湘江》上映。2018年，担任中国作家协会第9届中国委员会委员。
麦家,,,,,中国,中国人民解放军艺术学院,汉,1964年,,作家，编剧,,浙江富阳大源蒋家村,《解密》，《暗算》，《风声》,,麦家，当代著名小说家、编剧。1964年生于浙江富阳，1981年考入军校，毕业于解放军工程技术学院无线电系和解放军艺术学院文学创作系。曾任浙江省作家协会主席。是首位被英国“企鹅经典文库”收录作品的中国当代作家。作品有长篇小说《解密》、《暗算》、《风声》、《风语》、《刀尖》，电视剧《解密》、《暗算》、《风语》、《刀尖上行走》，电影《风声》、《听风者》等。小说《暗算》获第七届茅盾文学奖。作品被译成30多种语言，《解密》被翻译成33种语言，是世界图书馆收藏量第一中文作品，被《经济学人》评为“2014年度全球十大小说”，英文版被收进英国“企鹅经典”文库，是继鲁迅、钱钟书、张爱玲后唯一入选该文库中国当代作家。麦家的小说具有奇异的想象力和独创性，人物内心幽暗神秘，故事传奇曲折，充满悬念，多被改为影视作品。由他编剧的电视剧《暗算》和根据他小说改编的电影《风声》是掀起中国当代谍战影视狂潮的开山之作，影响巨大。 2018年12月12日，文萃钱塘—弄潮杯2018年度人民文学奖颁奖典礼暨第二届杭州钱塘江文化节闭幕式在浙江杭州举行。浙江籍作家麦家荣获海外影响力奖。
张炜,,,,,中国,烟台师范专科学校,汉族,1956年11月7日,,专业作家,,山东龙口市,《古船》，《九月寓言》，《家族》,,张炜，1956年生于山东龙口市，原籍山东栖霞。当代著名作家，现为中国作协副主席、山东省作家协会主席，万松浦书院院长。张炜是一位充满理想主义和浪漫情怀的作家。他的文字深沉、细腻，立足于理想中的乡土与传统的道德立场，充满着人文关怀与哲思。其80年代前期所创作的长篇乡土小说《古船》是一部具有史诗品格的长篇力作，一经发表便轰动文坛，成为20世纪80年代文学创作潮流里长篇小说中的佼佼者之一。2011年，张炜凭借耗时20余年所创作的七百万余字大河小说《你在高原》荣获第八届茅盾文学奖。2016年12月2日晚，在中国作协第九届全国委员会第一次全体会议投票选举中，作家张炜当选中国作协副主席。
刘醒龙,,,,,中国,英山县红山高中,汉,1956年1月10日,,作家,,中国湖北黄州,《凤凰琴》，《分享艰难》，《爱到永远》，《天行者》,,刘醒龙，1956年1月10日生于湖北黄州，著名作家。曾任英山县水利局施工员、阀门厂工人，黄冈地区群艺馆文学部主任。现任湖北省文学艺术界联合会主席，《芳草》文学杂志主编，中国作家协会第九届全委会委员，中国作家协会小说委员会副主任。1984年开始发表作品，代表作有中篇小说《凤凰琴》《秋风醉了》《分享艰难》。著有长篇小说《威风凛凛》《生命是劳动与仁慈》《痛失》《弥天》《圣天门口》《天行者》《蟠虺》，以及长篇散文《一滴水有多深》《上上长江》，长诗《用胸膛行走的高原》。出版有小说集《刘醒龙文集》等三十余种。1998年2月，中篇小说《挑担茶叶上北京》，获第一届鲁迅文学奖。2011年8月，长篇小说《天行者》再获第八届茅盾文学奖。2014年10月30日，刘醒龙当代文学研究中心”在华中师范大学成立，他同时受聘成为华中师范大学客座教授，并担任研究中心名誉主任。2014年5月受聘为湖北省博物馆荣誉馆员。2016年3月31日至4月9日”刘醒龙笔记书法展“在武汉美术馆举行，同时《刘醒龙笔记书法作品集》由湖北美术出版社出版。
李佩甫,,,,,中国,河南电视大学汉语言文学系,汉族,1953年10月,,作家,,河南许昌,《金屋》，《羊的门》，《城的灯》，《城市白皮书》，《生命册》,,李佩甫 ，大专学历，中共党员。国家一级作家。1953年10月生，河南许昌人。 1979年参加工作，1984年毕业于河南电视大学汉语言文学系，中共党员，历任许昌市文化局创作员，《莽原》杂志编辑、第二编辑室主任，河南省文联、作家协会专业作家，《莽原》杂志副主编，河南省作家协会第二届理事、河南省文联副主席，河南省作协主席等职。中国作家协会会员，中国作协全委会委员，国家一级作家，享受国务院政府特殊津贴。中国作家协会第九届全国委员会委员。
金宇澄,,金舒舒,,,中国,,,1952年,,作家,,上海,《繁花》,,金宇澄，1952年出生，被称为小说界的“潜伏者”。《上海文学》的编辑，2012年以满纸沪语完成了一部描写上海市民生活的长篇小说《繁花》，一举摘得中国小说学会评选的2012年度中国小说排行榜长篇小说第一名。2013年凭借《繁花》获得第11届华语文学传媒大奖年度小说家奖、第二届施耐庵文学奖和第一届鲁迅文化奖年度小说奖。
杨朔,,,,,中国,哈尔滨英文学校,汉族,1913年,1968年,作家,,山东蓬莱,《荔枝蜜》，《泰山极顶》，《蓬莱仙境》，《雪浪花》,,杨朔，男，是现代著名作家、散文家、小说家。原名杨毓瑨。山东蓬莱人。中共党员。1929年毕业于哈尔滨英文学校。1939年参加八路军，转战于河北、山西抗日根据地，从事革命文艺工作，后到延安，在中央党校三部学习，解放战争时期任中国人民解放军华北野战军第十九兵团战地记者，1949年后随铁路工人组成的志愿军入朝，回国后历任中国作家协会外国文学委员会副主任，中国保卫世界和平委员会副秘书长，亚非团结委员会副主席，亚非人民团结理事会常设书记处书记，中国亚非作家常设局联络委员会秘书长。全国政协委员，中国作家协会第二届理事。1937年开始发表作品。1953年加入中国作家协会。抗日战争时期写过不少通讯和中、短篇小说。解放战争时期担任新华社特派记者；抗美援朝时期写出优秀长篇小说《三千里江山》。解放后曾任中国作家协会外国文学委员会主任，保卫世界和平大会党组常委，同时写了大量散文。代表作品有《荔枝蜜》、《樱花雨》、《香山红叶》、《泰山极顶》、《画山绣水》、《茶花赋》、《海市》、《铁骑兵》等，大多数出自《杨朔散文选》。
潘光旦,,光旦,,,中国,北京清华大学，达特茅斯学院，哥伦比亚大学研究院,汉族,1899年8月13日,1967年6月10日,社会学家，优生学家，民族学家,,江苏省宝山县罗店镇,《冯小青》，《优生概论》，《自由之路》，《家谱学》,师友：费孝通,潘光旦，男，生于江苏省宝山县罗店镇。字仲昂，原名光亶，又名保同，笔名光旦，西名Quentin pan。社会学家，优生学家，民族学家。1927年参与筹设新月书店。著作除有《优生学》、《人文生物学论丛》、《中国之家庭问题》等外，另有译著《性心理学》等。清华百年历史上四大哲人之一。另外三位是叶企孙、陈寅恪、梅贻琦。
萧马,,严敦勋,,,,,,1930年11月18日,2011年10月10日,作家,,,《铁梨花》,女儿：严歌苓,萧马，中国著名作家，著名作家严歌苓的父亲，著有长篇小说《破壁记》、电影文学剧本《巨澜》、《柳暗花明》等。晚年他的小说《铁梨花》被搬上荧屏。2011年10月10日在北京病逝，享年81周岁。
王阿成,,王阿成,,,中国,,,,,作家,,,《赵一曼女士》,,阿成，原名王阿成。著名作家，享受中国国务院特殊津贴专家，编审，中国作家协会全委会委员，黑龙江省作家协会副主席，哈尔滨作家协会主席。燕山大学客座教授。曾经获得全国优秀短篇小说奖、鲁迅文学奖、蒲松龄短篇小说奖等多项奖项。代表作有：《赵一曼女士》、《年关六赋》、《马尸的冬雨》等长中短篇小说。
陈世旭,,,,,中国,武汉大学,,1948年1月,,作家,,,《小镇上的将军》,,陈世旭，男，汉族。1948年1月生于江西省南昌市。1964年9月初中毕业往赣北农场务农。1970年由九江县委宣传部借调从事新闻报道。
阎连科,,,,,中国,河南大学，中国人民解放军艺术学院,汉族,1958年8月,,作家，文学家，中国人民大学文学院教授,,河南洛阳嵩县田湖瑶沟,《日光流年》，《受活》，《丁庄梦》，《风雅颂》，《四书》,,阎连科，1958年出生于河南洛阳嵩县田湖瑶沟，毕业于河南大学、中国人民解放军艺术学院，中国著名作家，被誉为“荒诞现实主义大师”。现任中国人民大学文学院教授、香港科技大学高等研究院冼为坚中国文化教授。2018年享受国务院政府特殊津贴。作品已经被翻译成二十几种文字。代表作有《日光流年》《受活》《丁庄梦》《风雅颂》《四书》《炸裂志》等。
雷加,,赫公，赫戏,,,,,汉族,1915年02月1日,2009年3月10日,作家,,辽宁丹东,《潜力三部曲》，《水塔》,,雷加，原名刘涤、刘天达，奉天安东人，为“东北作家群”的主要代表人物之一。1937 年开始发表作品。1938年入延安抗大学习。同年加入中国共产党。1949年加入中国作家协会。著有长篇小说《潜力三部曲》，短篇小说集《水塔》等诸多作品。曾任延安边区文化协会秘书长、中华全国文艺界抗敌协会延安分会理事、安东造纸厂厂长。曾任中国作协北京分会副主席，中国文联第四届委员，中国作协第三、四届理事。
王充闾,,,,,中国,,汉族,1935年2月5日,,,,辽宁盘锦,《柳荫絮语》,,王充闾，笔名： 汪聪， 男 ，1935年2月5日出生于辽宁盘锦。中国作协第五、六届主席团委员、第七届名誉委员，省作协主席、名誉主席，南开大学、辽宁大学中文系兼职教授。
周同宾,,,,,中国,,,1941年3月29日,,,,河南南阳社旗县,《皇天后土——99个农民谈人生》,,周同宾，1941年3月29日农历三月初二诞生，河南省社旗县大冯营乡人。中国作家协会会员，河南省作家协会理事，中国散文学会会员，南阳市作家协会副主席。现供职于南阳市文联，一级作家。1995年被命名为河南省优秀专家。散文集《皇天后土——99个农民说人生》于1998年获全国首届鲁迅文学奖优秀奖。2014年3月获得“2013年度华文最佳散文奖”。
衣向东,,,,,中国,解放军艺术学院,,1964年,,作家,,山东栖霞,《一路兵歌》，《在阳光下晾晒》,,衣向东，男，1964年出生于山东栖霞，1991年毕业于解放军艺术学院。系中国作家协会会员，北京作协签约作家。主要作品有长篇小说《一路兵歌》、《在阳光下晾晒》，小说集《我是一个兵》、《老营盘》、《吹满风的山谷》等。获过鲁迅文学奖、老舍文学奖等；作为编剧，几乎他所有的小说都被改编成为影视作品，这在当代作家中是比较少见的。而长篇小说《牟氏庄园》，更是震动文坛，让衣向东成为国内一线作家。
王树增,,,,,中华人民共和国,北京师范大学研究生院,汉族,1952年2月,,作家,,北京市,《红鱼》，《黑峡》，《鸽哨》，《远东朝鲜战争》，《长征》,,王树增，男，中国军旅作家。1952年2月生于北京，中共党员，硕士研究生，少将军衔，国家一级作家，现供职于武警部队政治部创作室。政府特殊津贴享受者，全军艺术委员会委员。现任中国作家协会全国委员会委员。 
